ATR Period,Risk Per Trade,ATR Stop Multiplier,Max Position,Start Value,End Value,Total Return [%],Benchmark Return [%],Max Drawdown [%],Total Trades,Sharpe Ratio,Calmar Ratio,Sortino Ratio,Composite Score
48,0.005,1.5,0.25,100000,116801.2806,16.80128064,0.428630134,-21.35309698,233,0.517430952,0.241972867,0.72919754,0.519500161
48,0.005,1.5,0.5,100000,117237.4746,17.23747457,0.428630134,-31.92067923,233,0.408594542,0.165852051,0.573886541,0.401888595
48,0.005,1.5,1,100000,134701.9467,34.70194667,0.428630134,-32.14805264,233,0.631246905,0.315587585,0.913166679,0.649317018
48,0.005,2,0.25,100000,114218.0136,14.21801357,0.428630134,-20.75937543,233,0.483131164,0.212273248,0.680094497,0.480659122
48,0.005,2,0.5,100000,117729.2772,17.72927721,0.428630134,-25.08884404,233,0.485420507,0.216717378,0.68831664,0.485968022
48,0.005,2,1,100000,130864.391,30.86439098,0.428630134,-25.35685972,233,0.69585334,0.359573915,1.019602724,0.724469266
48,0.005,3,0.25,100000,109578.018,9.578018001,0.428630134,-17.29792704,233,0.415957706,0.174095351,0.584410069,0.410779944
48,0.005,3,0.5,100000,118211.7112,18.21171118,0.428630134,-17.41136241,233,0.64458262,0.32031666,0.933400058,0.662829807
48,0.005,3,1,100000,120858.1333,20.85813331,0.428630134,-17.6046396,233,0.701531033,0.360025999,1.028738615,0.729962555
48,0.01,1.5,0.25,100000,116299.338,16.29933797,0.428630134,-21.08376281,233,0.480509385,0.238100426,0.67647099,0.486171339
48,0.01,1.5,0.5,100000,130795.4507,30.79545068,0.428630134,-38.63047137,233,0.512804963,0.235539842,0.722566426,0.513530012
48,0.01,1.5,1,100000,125367.8008,25.36780075,0.428630134,-54.5086654,233,0.392609531,0.139598897,0.550996388,0.380061084
48,0.01,2,0.25,100000,116522.6733,16.52267325,0.428630134,-21.15387233,233,0.489917858,0.240401884,0.690254485,0.495197716
48,0.01,2,0.5,100000,125783.9245,25.78392447,0.428630134,-37.65994251,233,0.47670019,0.205127327,0.670891127,0.472904706
48,0.01,2,1,100000,130110.0698,30.11006975,0.428630134,-44.50722311,233,0.469724734,0.200264993,0.665497772,0.467196027
48,0.01,3,0.25,100000,116801.2806,16.80128064,0.428630134,-21.35309698,233,0.517430952,0.241972867,0.72919754,0.519500161
48,0.01,3,0.5,100000,117237.4746,17.23747457,0.428630134,-31.92067923,233,0.408594542,0.165852051,0.573886541,0.401888595
48,0.01,3,1,100000,134701.9467,34.70194667,0.428630134,-32.14805264,233,0.631246905,0.315587585,0.913166679,0.649317018
48,0.02,1.5,0.25,100000,116600.7187,16.60071871,0.428630134,-21.08376281,233,0.486639446,0.242283952,0.685249018,0.492776627
48,0.02,1.5,0.5,100000,129154.619,29.15461898,0.428630134,-38.21364303,233,0.477175894,0.226441427,0.671593619,0.479722644
48,0.02,1.5,1,100000,145808.9378,45.80893778,0.428630134,-63.47063309,233,0.501502692,0.205026468,0.706250725,0.494459038
48,0.02,2,0.25,100000,116585.8511,16.5858511,0.428630134,-21.08376281,233,0.486297943,0.242077743,0.684754093,0.492414343
48,0.02,2,0.5,100000,129687.1199,29.68711986,0.428630134,-38.32280457,233,0.485792781,0.229583032,0.684227145,0.488303602
48,0.02,2,1,100000,137704.7016,37.70470158,0.428630134,-62.21743027,233,0.462243347,0.175771938,0.650103481,0.451445978
48,0.02,3,0.25,100000,116299.338,16.29933797,0.428630134,-21.08376281,233,0.480509385,0.238100426,0.67647099,0.486171339
48,0.02,3,0.5,100000,130795.4507,30.79545068,0.428630134,-38.63047137,233,0.512804963,0.235539842,0.722566426,0.513530012
48,0.02,3,1,100000,125367.8008,25.36780075,0.428630134,-54.5086654,233,0.392609531,0.139598897,0.550996388,0.380061084
24,0.005,1.5,0.25,100000,117494.0465,17.49404653,0.428630134,-21.23375331,233,0.532682841,0.252842919,0.751947267,0.536436635
24,0.005,1.5,0.5,100000,117424.5347,17.42453473,0.428630134,-32.69329213,233,0.408290609,0.163598653,0.573998833,0.401166312
24,0.005,1.5,1,100000,137370.5225,37.37052246,0.428630134,-32.39621792,233,0.650348667,0.33487479,0.941589566,0.672202864
24,0.005,2,0.25,100000,114277.9595,14.27795951,0.428630134,-20.85617826,233,0.483565023,0.212140114,0.680717478,0.480998533
24,0.005,2,0.5,100000,117476.5896,17.47658955,0.428630134,-25.7732261,233,0.472206838,0.208112307,0.66976965,0.472003604
24,0.005,2,1,100000,133675.5386,33.67553864,0.428630134,-25.59053056,233,0.71688739,0.385789943,1.055604623,0.753045049
24,0.005,3,0.25,100000,109719.8216,9.719821596,0.428630134,-17.76497701,233,0.416317049,0.171951371,0.585508881,0.410684078
24,0.005,3,0.5,100000,119584.6948,19.58469476,0.428630134,-17.53158559,233,0.66506951,0.340720539,0.963660993,0.687201412
24,0.005,3,1,100000,122676.4575,22.67645752,0.428630134,-17.86717896,233,0.709216562,0.383635539,1.053486696,0.749250309
24,0.01,1.5,0.25,100000,116142.8547,16.1428547,0.428630134,-21.08376281,233,0.476113949,0.235925361,0.670090321,0.481647921
24,0.01,1.5,0.5,100000,132220.6982,32.2206982,0.428630134,-38.44403948,233,0.527462206,0.246676495,0.744350574,0.529981839
24,0.01,1.5,1,100000,125314.982,25.31498202,0.428630134,-55.55259445,233,0.391012906,0.136710823,0.549183633,0.377990572
24,0.01,2,0.25,100000,116663.0475,16.66304752,0.428630134,-21.13409134,233,0.493694754,0.242569208,0.695722066,0.499168015
24,0.01,2,0.5,100000,125895.8041,25.89580409,0.428630134,-37.80213968,233,0.477210392,0.205177687,0.671580979,0.473348815
24,0.01,2,1,100000,129201.9047,29.20190469,0.428630134,-45.54723168,233,0.455951206,0.190265223,0.646115612,0.452311174
24,0.01,3,0.25,100000,117494.0465,17.49404653,0.428630134,-21.23375331,233,0.532682841,0.252842919,0.751947267,0.536436635
24,0.01,3,0.5,100000,117424.5347,17.42453473,0.428630134,-32.69329213,233,0.408290609,0.163598653,0.573998833,0.401166312
24,0.01,3,1,100000,137370.5225,37.37052246,0.428630134,-32.39621792,233,0.650348667,0.33487479,0.941589566,0.672202864
24,0.02,1.5,0.25,100000,116600.7187,16.60071871,0.428630134,-21.08376281,233,0.486639446,0.242283952,0.685249018,0.492776627
24,0.02,1.5,0.5,100000,128804.7904,28.80479037,0.428630134,-38.21364303,233,0.472900558,0.223940926,0.665386154,0.475206907
24,0.02,1.5,1,100000,148504.1547,48.50415474,0.428630134,-63.24821737,233,0.515132745,0.216395202,0.726368023,0.510005593
24,0.02,2,0.25,100000,116537.1843,16.53718432,0.428630134,-21.08376281,233,0.48517845,0.241402627,0.683132981,0.491227516
24,0.02,2,0.5,100000,130019.0238,30.01902375,0.428630134,-38.29200159,233,0.489700781,0.232124468,0.689871272,0.492496083
24,0.02,2,1,100000,137918.4444,37.9184444,0.428630134,-62.36411824,233,0.463270325,0.176253687,0.651473192,0.452446481
24,0.02,3,0.25,100000,116142.8547,16.1428547,0.428630134,-21.08376281,233,0.476113949,0.235925361,0.670090321,0.481647921
24,0.02,3,0.5,100000,132220.6982,32.2206982,0.428630134,-38.44403948,233,0.527462206,0.246676495,0.744350574,0.529981839
24,0.02,3,1,100000,125314.982,25.31498202,0.428630134,-55.55259445,233,0.391012906,0.136710823,0.549183633,0.377990572
12,0.005,1.5,0.25,100000,117303.2291,17.30322905,0.428630134,-21.09356049,233,0.5283146,0.251890301,0.746073191,0.532490747
12,0.005,1.5,0.5,100000,118434.2285,18.43422853,0.428630134,-33.09437953,233,0.424495333,0.170469275,0.598376965,0.417840168
12,0.005,1.5,1,100000,137161.1252,37.16112523,0.428630134,-33.44341534,233,0.638542535,0.322749256,0.925492206,0.65858442
12,0.005,2,0.25,100000,114187.956,14.18795603,0.428630134,-20.91049694,233,0.482048912,0.210312869,0.6789754,0.479298694
12,0.005,2,0.5,100000,118427.2317,18.42723174,0.428630134,-26.46878385,233,0.486105909,0.213064204,0.691437416,0.486326
12,0.005,2,1,100000,139522.345,39.52234499,0.428630134,-25.48862319,233,0.78435106,0.447610476,1.163177933,0.834859634
12,0.005,3,0.25,100000,110225.6865,10.22568646,0.428630134,-18.01152581,233,0.433024433,0.178141442,0.610653429,0.427611134
12,0.005,3,0.5,100000,119616.2425,19.61624254,0.428630134,-18.16141429,233,0.654451549,0.329403822,0.949429343,0.674928348
12,0.005,3,1,100000,126356.8243,26.35682432,0.428630134,-17.71494533,233,0.762353118,0.445047819,1.147623615,0.821269727
12,0.01,1.5,0.25,100000,116561.0655,16.56106546,0.428630134,-21.08376281,233,0.486566229,0.241733935,0.685106805,0.492532771
12,0.01,1.5,0.5,100000,131786.468,31.78646805,0.428630134,-38.22087978,233,0.522806276,0.245061771,0.737991798,0.525557133
12,0.01,1.5,1,100000,127184.2369,27.18423694,0.428630134,-56.07403603,233,0.406034125,0.144677539,0.57175119,0.393913975
12,0.01,2,0.25,100000,116906.8655,16.90686553,0.428630134,-21.12358083,233,0.499185142,0.246061461,0.703541932,0.504990754
12,0.01,2,0.5,100000,125738.4431,25.73844309,0.428630134,-37.87714939,233,0.475929584,0.203617396,0.670153367,0.471925441
12,0.01,2,1,100000,130813.3432,30.81334322,0.428630134,-46.58827,233,0.468223603,0.195410908,0.665189836,0.465166288
12,0.01,3,0.25,100000,117303.2291,17.30322905,0.428630134,-21.09356049,233,0.5283146,0.251890301,0.746073191,0.532490747
12,0.01,3,0.5,100000,118434.2285,18.43422853,0.428630134,-33.09437953,233,0.424495333,0.170469275,0.598376965,0.417840168
12,0.01,3,1,100000,137161.1252,37.16112523,0.428630134,-33.44341534,233,0.638542535,0.322749256,0.925492206,0.65858442
12,0.02,1.5,0.25,100000,116600.7187,16.60071871,0.428630134,-21.08376281,233,0.486639446,0.242283952,0.685249018,0.492776627
12,0.02,1.5,0.5,100000,129758.364,29.75836397,0.428630134,-38.21364303,233,0.483638196,0.230746127,0.680807825,0.486638427
12,0.02,1.5,1,100000,147552.5945,47.55259446,0.428630134,-62.96903732,233,0.51023006,0.213593796,0.719544762,0.504965062
12,0.02,2,0.25,100000,116497.436,16.49743596,0.428630134,-21.08376281,233,0.484262253,0.240851087,0.681807757,0.490257105
12,0.02,2,0.5,100000,130577.3515,30.57735146,0.428630134,-38.27563735,233,0.495551701,0.236180772,0.698201332,0.498800275
12,0.02,2,1,100000,137767.1849,37.76718486,0.428630134,-62.42989989,233,0.462555061,0.175435238,0.650811357,0.451721633
12,0.02,3,0.25,100000,116561.0655,16.56106546,0.428630134,-21.08376281,233,0.486566229,0.241733935,0.685106805,0.492532771
12,0.02,3,0.5,100000,131786.468,31.78646805,0.428630134,-38.22087978,233,0.522806276,0.245061771,0.737991798,0.525557133
12,0.02,3,1,100000,127184.2369,27.18423694,0.428630134,-56.07403603,233,0.406034125,0.144677539,0.57175119,0.393913975
,,,,,,,,,,,,,
,,,,,,,,,,,,,
48,0.02,,1,,,,,,,,,,
