ts,side,reason,price,qty,fee,equity_before,equity_after
2025-12-07 20:00:00+00:00,buy,golden_cross,91512.74350499999,0.25251447751142203,23.10829261180185,100000.0,99976.89170738819
2025-12-07 22:00:00+00:00,sell,atr_stop,89442.18204891069,0.25251447751142203,22.585445867562175,99454.04496314851,99431.45951728095
2025-12-09 11:00:00+00:00,SHORT_OPEN,death_cross,90233.05090500001,0.24515105701914802,22.120727807423343,99431.45951728095,99409.33878947354
2025-12-09 15:00:00+00:00,SHORT_CLOSE,short_stop,91293.16346929912,0.24515105701914802,22.38061552312055,99149.45107377633,99127.0704582532
2025-12-09 20:00:00+00:00,buy,golden_cross,93738.12564,0.2615223770316464,24.51461743586392,99127.0704582532,99102.55584081734
2025-12-10 14:00:00+00:00,sell,atr_stop,91750.18905587762,0.2615223770316464,23.994727534996063,98582.66593994948,98558.6712124145
2025-12-11 06:00:00+00:00,SHORT_OPEN,death_cross,90255.539655,0.1551171420950468,14.000181369529765,98558.6712124145,98544.67103104497
2025-12-11 18:00:00+00:00,SHORT_CLOSE,short_stop,90957.40032688259,0.1551171420950468,14.109051991101103,98435.80040947364,98421.69135748253
2025-12-12 11:00:00+00:00,buy,golden_cross,92445.63971999999,0.29548088215110496,27.315919175488826,98421.69135748253,98394.37543830705
2025-12-12 15:00:00+00:00,sell,atr_stop,90688.62360842974,0.29548088215110496,26.796754504888344,97875.21076770657,97848.41401320168
2025-12-13 07:00:00+00:00,SHORT_OPEN,death_cross,90288.62310499999,0.24122205913351072,21.77960758171757,97848.41401320168,97826.63440561996
2025-12-14 11:00:00+00:00,SHORT_CLOSE,tp1,89115.64111755985,0.09648882365340429,8.598663380552296,98109.58353595679,98100.98487257624
2025-12-14 23:00:00+00:00,SHORT_CLOSE,tp2,87897.51481856719,0.12061102956675536,10.601409758626524,98277.28823305285,98266.68682329422
2025-12-15 01:00:00+00:00,SHORT_CLOSE,short_stop,88854.55544498544,0.024122205913351055,2.143367882783207,98243.60089223633,98241.45752435354
2025-12-17 08:00:00+00:00,buy,golden_cross,86630.783745,0.3457497250397215,29.952569659809324,98241.45752435354,98211.50495469372
2025-12-18 00:00:00+00:00,sell,death_cross,86107.454735,0.3457497250397215,29.771628798496522,98030.56409338092,98000.79246458242
2025-12-18 00:00:00+00:00,SHORT_OPEN,death_cross,86107.454735,0.15482482412779955,13.331571535438838,98000.79246458242,97987.46089304698
2025-12-18 13:00:00+00:00,SHORT_CLOSE,short_stop,87734.53807187283,0.15482482412779955,13.583484426911443,97735.54800157438,97721.96451714747
2025-12-19 07:00:00+00:00,buy,golden_cross,87637.386795,0.23299895122657444,20.419419211472643,97721.96451714747,97701.545097936
2025-12-19 16:00:00+00:00,sell,death_cross,88056.959495,0.23299895122657444,20.517179210535947,97799.3050969993,97778.78791778877
2025-12-19 16:00:00+00:00,SHORT_OPEN,death_cross,88056.959495,0.15238846398798753,13.418864800895484,97778.78791778877,97765.36905298787
2025-12-19 19:00:00+00:00,SHORT_CLOSE,golden_cross,87261.819105,0.15238846398798753,13.297694578208576,97886.53927567478,97873.24158109658
2025-12-23 11:00:00+00:00,SHORT_OPEN,death_cross,87676.309915,0.2652796456753687,23.25874042837502,97873.24158109658,97849.9828406682
2025-12-23 16:00:00+00:00,SHORT_CLOSE,short_stop,87775.97409282022,0.2652796456753687,23.285179306153694,97823.54396288953,97800.25878358338
2025-12-25 09:00:00+00:00,buy,golden_cross,87584.49036,0.5585986657613929,48.924579456487585,97800.25878358338,97751.3342041269
2025-12-26 15:00:00+00:00,sell,atr_stop,86685.05037696805,0.5585986657613929,48.42215348203349,97248.9082296728,97200.48607619078
2025-12-27 06:00:00+00:00,SHORT_OPEN,death_cross,87357.34947500001,0.27816917139870323,24.300121519047696,97200.48607619078,97176.18595467173
2025-12-28 10:00:00+00:00,SHORT_CLOSE,golden_cross,87890.853465,0.27816917139870323,24.448525881883892,97027.78159183553,97003.33306595366
2025-12-30 04:00:00+00:00,SHORT_OPEN,death_cross,87230.233065,0.26654492342706104,23.250775792835114,97003.33306595366,96980.08229016082
2025-12-30 12:00:00+00:00,SHORT_CLOSE,short_stop,88184.58007314474,0.26654492342706104,23.5051521430439,96725.70593995204,96702.200787809
2025-12-31 03:00:00+00:00,buy,golden_cross,88724.23994999999,0.41118187155003305,36.481799034495204,96702.200787809,96665.71898877449
2025-12-31 16:00:00+00:00,sell,atr_stop,87460.24255213636,0.41118187155003305,35.962066218807266,96145.98617308657,96110.02410686776
2026-01-01 05:00:00+00:00,SHORT_OPEN,death_cross,87549.77321500001,0.2744439550712654,24.02750602671694,96110.02410686776,96085.99660084103
2026-01-01 22:00:00+00:00,SHORT_CLOSE,short_stop,88466.89698240635,0.2744439550712654,24.279205100733794,95834.29752682417,95810.01832172344
2026-01-02 05:00:00+00:00,buy,golden_cross,88655.62566,0.5406195185994489,47.92896166544216,95810.01832172344,95762.089360058
2026-01-07 01:00:00+00:00,sell,death_cross,92795.19919,0.5406195185994489,50.166895914437774,98000.02360905362,97949.85671313919
2026-01-07 01:00:00+00:00,SHORT_OPEN,death_cross,92795.19919,0.16398112150904173,15.216660833831122,97949.85671313919,97934.64005230536
2026-01-07 15:00:00+00:00,SHORT_CLOSE,tp1,91047.83197080992,0.0655924486036167,5.972050239016078,98221.17528859629,98215.20323835727
2026-01-08 17:00:00+00:00,SHORT_CLOSE,short_stop,91118.94735282243,0.09838867290542504,8.965072306583492,98208.2062902979,98199.24121799131
2026-01-09 15:00:00+00:00,buy,golden_cross,90075.18508499999,0.3408153126648584,30.699002368089264,98199.24121799131,98168.54221562322
2026-01-10 05:00:00+00:00,sell,death_cross,90321.786515,0.3408153126648584,30.78304791155832,98252.58775909228,98221.80471118072
2026-01-10 05:00:00+00:00,SHORT_OPEN,death_cross,90321.786515,0.2146637209414965,19.38881077539338,98221.80471118072,98202.41590040532
2026-01-11 06:00:00+00:00,SHORT_CLOSE,golden_cross,90753.35399999999,0.2146637209414965,19.481452657560844,98109.77401823786,98090.29256558031
2026-01-11 12:00:00+00:00,SHORT_OPEN,death_cross,90595.71948,0.2706813664282307,24.52257314139508,98090.29256558031,98065.76999243893
2026-01-11 16:00:00+00:00,SHORT_CLOSE,short_stop,91161.83950700749,0.2706813664282307,24.675811283867855,97912.53184996615,97887.85603868228
2026-01-16 06:00:00+00:00,SHORT_OPEN,death_cross,95700.48582,0.19940779450387217,19.083422810315295,97887.85603868228,97868.77261587197
2026-01-17 19:00:00+00:00,SHORT_CLOSE,short_stop,95680.8575822399,0.19940779450387217,19.079508786713554,97872.68663947372,97853.607130687
2026-01-22 12:00:00+00:00,buy,golden_cross,89927.75140499999,0.29923416334019964,26.909455452740637,97853.607130687,97826.69767523426
2026-01-23 10:00:00+00:00,sell,death_cross,88843.67594,0.29923416334019964,26.58506303797373,97502.30526046736,97475.72019742939
2026-01-23 10:00:00+00:00,SHORT_OPEN,death_cross,88843.67594,0.20927664728337178,18.592906633053566,97475.72019742939,97457.12729079634
2026-01-23 16:00:00+00:00,SHORT_CLOSE,short_stop,90053.69898033144,0.20927664728337178,18.846136198069757,97203.89772578015,97185.05158958207
2026-01-24 09:00:00+00:00,buy,golden_cross,89612.453835,0.3888337329641264,34.844344944738495,97185.05158958207,97150.20724463733
2026-01-24 19:00:00+00:00,sell,death_cross,89266.10462,0.3888337329641264,34.70967268656085,97015.5349864597,96980.82531377312
2026-01-24 19:00:00+00:00,SHORT_OPEN,death_cross,89266.10462,0.2716059632225865,24.24520632844328,96980.82531377312,96956.58010744468
2026-01-25 08:00:00+00:00,SHORT_CLOSE,tp1,88337.17558080959,0.10864238528903461,9.597161464795416,97208.88277389942,97199.28561243463
2026-01-25 18:00:00+00:00,SHORT_CLOSE,tp2,87363.6134893092,0.13580298161129326,11.864239196184789,97357.94077420601,97346.07653500984
2026-01-26 01:00:00+00:00,SHORT_CLOSE,short_stop,87331.1299965837,0.027160596322258646,2.371965568203903,97346.9588060429,97344.58684047469
2026-01-27 03:00:00+00:00,buy,golden_cross,88840.64812499999,0.3328523813160007,29.57082128606314,97344.58684047469,97315.01601918862
2026-01-27 17:00:00+00:00,sell,atr_stop,87290.30435410839,0.3328523813160007,29.054785670063442,96798.98040318892,96769.92561751885
2026-01-29 13:00:00+00:00,SHORT_OPEN,death_cross,87988.70364,0.20447840392540187,17.9917896837724,96769.92561751885,96751.93382783508
2026-01-29 15:00:00+00:00,SHORT_CLOSE,tp1,86611.51988069327,0.08179136157016076,7.084074138702951,97033.5381648501,97026.4540907114
2026-01-29 15:00:00+00:00,SHORT_CLOSE,tp2,85190.34176956654,0.10223920196270093,8.709792557450232,97200.81422982556,97192.1044372681
2026-01-29 17:00:00+00:00,SHORT_CLOSE,short_stop,86053.5473529746,0.020447840392540176,1.7596092014855227,97174.45374727262,97172.69413807114
2026-01-31 15:00:00+00:00,buy,golden_cross,81424.91210999999,0.2494823019289225,20.314074507562996,97172.69413807114,97152.38006356357
2026-01-31 17:00:00+00:00,sell,atr_stop,79397.01491011992,0.2494823019289225,19.808150046061698,96646.45560206227,96626.64745201622
2026-01-31 18:00:00+00:00,SHORT_OPEN,death_cross,78790.42508,0.12457764850186948,9.81552588092912,96626.64745201622,96616.83192613529
2026-02-01 21:00:00+00:00,SHORT_CLOSE,tp1,76500.5905245971,0.04983105940074779,3.8121054706234814,96902.0941305057,96898.28202503508
2026-02-02 11:00:00+00:00,SHORT_CLOSE,short_stop,77851.0077326192,0.07474658910112168,5.819097286098334,96797.34294487197,96791.52384758586
2026-02-03 04:00:00+00:00,buy,golden_cross,78662.27148,0.1905543832873735,14.98944062985535,96791.52384758586,96776.53440695601
2026-02-03 17:00:00+00:00,sell,atr_stop,76045.18347876912,0.1905543832873735,14.490743039772015,96277.83681687267,96263.3460738329
2026-02-03 23:00:00+00:00,SHORT_OPEN,death_cross,75571.45537,0.09846877721020682,7.441428802279617,96263.3460738329,96255.90464503062
2026-02-04 17:00:00+00:00,SHORT_CLOSE,tp1,72673.49861243142,0.03938751088408273,2.8624282175815137,96541.26290335646,96538.40047513889
2026-02-05 12:00:00+00:00,SHORT_CLOSE,tp2,69737.75612717784,0.04923438860510341,3.433495785613405,96711.84785877506,96708.41436298944
2026-02-06 00:00:00+00:00,SHORT_CLOSE,short_stop,65969.57343320307,0.009846877721020678,0.6495943229046449,96745.51919720747,96744.86960288457
2026-02-07 03:00:00+00:00,buy,golden_cross,70406.33557499999,0.12020681760084886,8.463321538408179,96744.86960288457,96736.40628134618
2026-02-08 09:00:00+00:00,sell,death_cross,70587.498595,0.12020681760084886,8.48509856850934,96758.18331144733,96749.69821287882
2026-02-08 09:00:00+00:00,SHORT_OPEN,death_cross,70587.498595,0.11571453760060692,8.167999760303916,96749.69821287882,96741.53021311853
2026-02-08 12:00:00+00:00,SHORT_CLOSE,golden_cross,71020.382445,0.11571453760060692,8.218090714841436,96691.43925858101,96683.22116786616
2026-02-09 21:00:00+00:00,SHORT_OPEN,death_cross,70702.47108,0.12274095916913877,8.678089115987495,96683.22116786616,96674.54307875017
2026-02-10 13:00:00+00:00,SHORT_CLOSE,tp1,68372.35393212619,0.04909638366765551,3.356835320912402,96960.54389245666,96957.18705713574
2026-02-11 14:00:00+00:00,SHORT_CLOSE,short_stop,68104.92499942004,0.07364457550148326,5.015558291142644,96976.88174736171,96971.86618907056
2026-02-13 21:00:00+00:00,buy,golden_cross,68763.66465,0.26325701525172235,18.102517113529373,96971.86618907056,96953.76367195701
2026-02-16 00:00:00+00:00,sell,death_cross,68752.26667000001,0.26325701525172235,18.099516515334674,96950.76307376233,96932.663557247
2026-02-16 00:00:00+00:00,SHORT_OPEN,death_cross,68752.26667000001,0.20486334113477378,14.08481906060515,96932.663557247,96918.57873818639
2026-02-16 13:00:00+00:00,SHORT_CLOSE,short_stop,69970.72049353957,0.20486334113477378,14.334435581913905,96668.96221687764,96654.62778129573
2026-02-20 09:00:00+00:00,buy,golden_cross,67891.38873,0.3854416775437517,26.16817076286616,96654.62778129573,96628.45961053285
2026-02-20 13:00:00+00:00,sell,atr_stop,66570.34166835867,0.3854416775437517,25.65898416731288,96119.27301497958,96093.61403081227
2026-02-22 18:00:00+00:00,SHORT_OPEN,death_cross,67328.83874,0.31778859910874074,21.396337342802916,96093.61403081227,96072.21769346947
2026-02-23 01:00:00+00:00,SHORT_CLOSE,tp1,66454.4489750589,0.1271154396434963,8.447386497730903,96350.08879194513,96341.6414054474
2026-02-23 01:00:00+00:00,SHORT_CLOSE,tp2,65546.39479074779,0.15889429955437037,10.4149484885901,96514.78296573563,96504.36801724703
2026-02-23 05:00:00+00:00,SHORT_CLOSE,short_stop,65232.57362508742,0.03177885991087406,2.073016818857431,96514.34089610762,96512.26787928877
2026-02-25 11:00:00+00:00,buy,golden_cross,65405.276294999996,0.31157709839927655,20.378786207999084,96512.26787928877,96491.88909308078
2026-02-27 08:00:00+00:00,sell,death_cross,67693.666235,0.31157709839927655,21.09179610551038,97204.89899059208,97183.80719448657
2026-02-27 08:00:00+00:00,SHORT_OPEN,death_cross,67693.666235,0.1903500111317467,12.885490121380995,97183.80719448657,97170.92170436519
2026-02-27 11:00:00+00:00,SHORT_CLOSE,tp1,66194.32104402201,0.0761400044526987,5.040035899035203,97456.32207815818,97451.28204225915
2026-02-28 06:00:00+00:00,SHORT_CLOSE,tp2,64661.12901992655,0.09517500556587336,6.1541233143671645,97626.38791357135,97620.23379025699
2026-02-28 13:00:00+00:00,SHORT_CLOSE,short_stop,64417.35229925694,0.01903500111317466,1.2261843727241202,97624.8740804063,97623.64789603357
2026-03-01 08:00:00+00:00,buy,golden_cross,67183.61501999998,0.2639625853283206,17.733960712381787,97623.64789603357,97605.91393532118
2026-03-01 20:00:00+00:00,sell,atr_stop,65268.19478006389,0.2639625853283206,17.228361433858062,97100.31465679746,97083.0862953636
2026-03-02 12:00:00+00:00,SHORT_OPEN,death_cross,66324.771025,0.15751528440057522,10.447165170805906,97083.0862953636,97072.6391301928
2026-03-02 14:00:00+00:00,SHORT_CLOSE,short_stop,66970.45749333137,0.15751528440057522,10.548870658498725,96970.93364249998,96960.38477184148
2026-03-02 21:00:00+00:00,buy,golden_cross,69135.51048,0.22155884676667734,15.317583972574335,96960.38477184148,96945.0671878689
2026-03-03 09:00:00+00:00,sell,atr_stop,66879.36291830162,0.22155884676667734,14.817714520668991,96445.19773596356,96430.38002144289
2026-03-04 05:00:00+00:00,SHORT_OPEN,death_cross,67715.28542,0.14709174881254636,9.960359753768522,96430.38002144289,96420.41966168913
2026-03-04 07:00:00+00:00,SHORT_CLOSE,short_stop,69389.73234491011,0.14709174881254636,10.206657080247341,96174.12233521031,96163.91567813006
2026-03-04 10:00:00+00:00,buy,golden_cross,71585.775,0.21326136233209003,15.26647990009847,96163.91567813006,96148.64919822995
2026-03-06 05:00:00+00:00,sell,death_cross,70558.82294,0.21326136233209003,15.047470704733126,95929.64000286462,95914.59253215988
2026-03-06 05:00:00+00:00,SHORT_OPEN,death_cross,70558.82294,0.1590616284393602,11.223201277600886,95914.59253215988,95903.36933088227
2026-03-06 14:00:00+00:00,SHORT_CLOSE,tp1,68783.28431732832,0.06362465137574408,4.376312485168699,96185.78939556141,96181.41308307626
2026-03-08 02:00:00+00:00,SHORT_CLOSE,tp2,66972.46628318663,0.0795308142196801,5.326374773801906,96354.23208226702,96348.9057074932
2026-03-08 08:00:00+00:00,SHORT_CLOSE,short_stop,67558.72534514753,0.01590616284393602,1.0746000868686643,96339.58057538493,96338.50597529806
2026-03-09 16:00:00+00:00,buy,golden_cross,68849.74767,0.2896292414440156,19.94090019127398,96338.50597529806,96318.56507510679
2026-03-11 18:00:00+00:00,sell,death_cross,70844.14021000001,0.2896292414440156,20.518534589775786,96896.1994736086,96875.68093901881
2026-03-11 18:00:00+00:00,SHORT_OPEN,death_cross,70844.14021000001,0.15937207758687186,11.29057781012335,96875.68093901881,96864.39036120869
2026-03-12 11:00:00+00:00,SHORT_CLOSE,short_stop,70619.7202509728,0.15937207758687186,11.254811535001222,96900.15663633081,96888.90182479582
2026-03-12 12:00:00+00:00,buy,golden_cross,70485.595185,0.3439832126681858,24.24586147856551,96888.90182479582,96864.65596331724
2026-03-12 22:00:00+00:00,sell,death_cross,70214.125375,0.3439832126681858,24.152480421179288,96771.27490593103,96747.12242550985
2026-03-12 22:00:00+00:00,SHORT_OPEN,death_cross,70214.125375,0.18976583293349822,13.324241985483948,96747.12242550985,96733.79818352437
2026-03-13 00:00:00+00:00,SHORT_CLOSE,short_stop,71525.06692865766,0.18976583293349822,13.573013901340929,96485.02626766739,96471.45325376604
2026-03-13 02:00:00+00:00,buy,golden_cross,71702.53335,0.2996330479762592,21.484448615279877,96471.45325376604,96449.96880515075
2026-03-14 14:00:00+00:00,sell,death_cross,70884.66993500001,0.2996330479762592,21.239389707415157,96204.90989728604,96183.67050757862
2026-03-14 14:00:00+00:00,SHORT_OPEN,death_cross,70884.66993500001,0.2276619724686833,16.137743775193677,96183.67050757862,96167.53276380342
2026-03-15 13:00:00+00:00,SHORT_CLOSE,golden_cross,71669.03661,0.2276619724686833,16.316314239562875,95988.96229943422,95972.64598519466
2026-03-18 08:00:00+00:00,SHORT_OPEN,death_cross,73945.60870000001,0.2033086662370993,15.03378307888745,95972.64598519466,95957.61220211576
2026-03-18 12:00:00+00:00,SHORT_CLOSE,tp1,72565.00297580652,0.08132346649483974,5.901237588200948,96238.30131050084,96232.40007291266
2026-03-18 15:00:00+00:00,SHORT_CLOSE,tp2_gap,71135.63004,0.10165433311854966,7.231245032684068,96406.7624159932,96399.53117096052
2026-03-19 19:00:00+00:00,SHORT_CLOSE,short_stop,70511.15999634884,0.02033086662370992,1.4335529893688388,96412.22718812848,96410.79363513911
2026-03-21 00:00:00+00:00,buy,golden_cross,70550.587665,0.35092899469048683,24.75824680410151,96410.79363513911,96386.035388335
2026-03-21 23:00:00+00:00,sell,atr_stop,69107.10814998999,0.35092899469048683,24.251687989042736,95879.47657327623,95855.22488528719
2026-03-22 03:00:00+00:00,SHORT_OPEN,death_cross,69232.376495,0.27544643279805064,19.069811139679363,95855.22488528719,95836.15507414751
2026-03-22 11:00:00+00:00,SHORT_CLOSE,tp1,68221.94961893478,0.11017857311922026,7.516597064425567,96114.47355276295,96106.95695569852
2026-03-23 05:00:00+00:00,SHORT_CLOSE,short_stop,68609.34850650938,0.1652678596788304,11.338920181629765,96042.9323707071,96031.59345052547
2026-03-23 20:00:00+00:00,buy,golden_cross,70647.716205,0.27431967832986554,19.38005878409523,96031.59345052547,96012.21339174136
2026-03-25 09:00:00+00:00,sell,death_cross,71271.18658,0.27431967832986554,19.55108897681343,96183.24358445956,96163.69249548276
2026-03-25 09:00:00+00:00,SHORT_OPEN,death_cross,71271.18658,0.22566206963655885,16.083203469096137,96163.69249548276,96147.60929201366
2026-03-25 16:00:00+00:00,SHORT_CLOSE,golden_cross,70926.45550499999,0.22566206963655885,16.0054107412436,96225.40201986619,96209.39660912496
2026-03-26 14:00:00+00:00,SHORT_OPEN,death_cross,69633.595785,0.24256251757015815,16.890500301072354,96209.39660912496,96192.50610882387
2026-03-26 17:00:00+00:00,SHORT_CLOSE,tp1,68477.30950028235,0.09702500702806327,6.6440114355277595,96472.97782107683,96466.3338096413
2026-03-27 10:00:00+00:00,SHORT_CLOSE,tp2,67286.20641767222,0.12128125878507907,8.160555813207953,96639.6839870834,96631.5234312702
2026-03-28 13:00:00+00:00,SHORT_CLOSE,short_stop,66931.29596865215,0.024256251757015804,1.6235023654389635,96640.13222847281,96638.50872610738
2026-03-29 05:00:00+00:00,buy,golden_cross,66774.69066000001,0.5600953073073035,37.400190885562836,96638.50872610738,96601.1085352218
2026-03-29 22:00:00+00:00,sell,atr_stop,65845.68368439125,0.5600953073073035,36.87985843806862,96080.7760877276,96043.89622928953
2026-03-30 04:00:00+00:00,SHORT_OPEN,death_cross,67161.28256,0.2631437861913058,17.673074178302514,96043.89622928953,96026.22315511122
2026-03-30 06:00:00+00:00,SHORT_CLOSE,golden_cross,67558.62243,0.2631437861913058,17.77763169609908,95921.66563731465,95903.88800561856
2026-03-31 16:00:00+00:00,SHORT_OPEN,death_cross,66646.54006000001,0.20001188789996757,13.330100299401423,95903.88800561856,95890.55790531916
2026-03-31 17:00:00+00:00,SHORT_CLOSE,short_stop,67879.79000535804,0.20001188789996757,13.576764949225012,95643.89325549557,95630.31649054633
2026-03-31 20:00:00+00:00,buy,golden_cross,67857.23166,0.30426541390889494,20.64660867774167,95630.31649054633,95609.66988186858
2026-04-02 10:00:00+00:00,sell,atr_stop,66218.69906837505,0.30426541390889494,20.14805988054769,95111.12108467461,95090.97302479406
2026-04-02 10:00:00+00:00,SHORT_OPEN,death_cross,66379.16381499999,0.21614216289579208,14.347336038188196,95090.97302479406,95076.62568875587
2026-04-04 00:00:00+00:00,SHORT_CLOSE,golden_cross,66985.13583,0.21614216289579208,14.478312140164618,94945.64958677944,94931.17127463929
2026-04-07 17:00:00+00:00,SHORT_OPEN,death_cross,68174.605645,0.25240233910512827,17.20742993236768,94931.17127463929,94913.96384470692
2026-04-07 20:00:00+00:00,SHORT_CLOSE,short_stop,69149.90995746029,0.25240233910512827,17.45359902217198,94667.79475490261,94650.34115588045
2026-04-08 04:00:00+00:00,buy,golden_cross,71341.94314499998,0.32481125669899363,23.172666208275597,94650.34115588045,94627.16848967217
2026-04-09 19:00:00+00:00,sell,death_cross,71876.393825,0.32481125669899363,23.34626180529004,94800.76408668661,94777.41782488133
2026-04-09 19:00:00+00:00,SHORT_OPEN,death_cross,71876.393825,0.20375818577743623,14.645403606006523,94777.41782488133,94762.77242127532
2026-04-09 22:00:00+00:00,SHORT_CLOSE,short_stop,73076.36185331704,0.20375818577743623,14.889906914447327,94518.26911283452,94503.37920592006
2026-04-10 01:00:00+00:00,buy,golden_cross,71950.13708999999,0.32845714346874105,23.632536500765713,94503.37920592006,94479.7466694193
2026-04-12 08:00:00+00:00,sell,death_cross,71654.40487500001,0.32845714346874105,23.535401142195138,94382.61131084873,94359.07590970653
2026-04-12 08:00:00+00:00,SHORT_OPEN,death_cross,71654.40487500001,0.28124445173321927,20.15240381333949,94359.07590970653,94338.9235058932
2026-04-12 15:00:00+00:00,SHORT_CLOSE,tp1,70682.70839183229,0.11249778069328771,7.951647827471956,94612.2077505528,94604.25610272533
2026-04-13 13:00:00+00:00,SHORT_CLOSE,short_stop,71423.9421890313,0.16874667103993157,12.052552476947554,94479.1753669857,94467.12281450877
2026-04-13 23:00:00+00:00,buy,golden_cross,74671.987335,0.3704947718981719,27.66558091486401,94467.12281450877,94439.4572335939
2026-04-15 17:00:00+00:00,sell,death_cross,73939.93154,0.3704947718981719,27.39435807007875,94168.23438880863,94140.84003073856
2026-04-15 17:00:00+00:00,SHORT_OPEN,death_cross,73939.93154,0.22438126130695366,16.590735099895006,94140.84003073856,94124.24929563867
2026-04-15 19:00:00+00:00,SHORT_CLOSE,short_stop,75026.84466296421,0.22438126130695366,16.834618037356794,93880.36635817688,93863.53174013952
2026-04-16 08:00:00+00:00,buy,golden_cross,74766.5646,0.3990481081935349,29.83545615975972,93863.53174013952,93833.69628397976
2026-04-16 13:00:00+00:00,sell,atr_stop,73516.33051665434,0.3990481081935349,29.33655261400156,93334.7927382216,93305.4561856076
2026-04-19 02:00:00+00:00,SHORT_OPEN,death_cross,75606.607785,0.2964181628960183,22.411171782429495,93305.4561856076,93283.04501382516
2026-04-19 13:00:00+00:00,SHORT_CLOSE,short_stop,75838.38865638636,0.2964181628960183,22.47987584252028,93214.34095373438,93191.86107789187
2026-04-21 00:00:00+00:00,buy,golden_cross,76014.60831,0.37806516206969204,28.73847521038431,93191.86107789187,93163.12260268148
2026-04-23 22:00:00+00:00,sell,death_cross,78110.715105,0.37806516206969204,29.530940165551364,93955.58755784854,93926.05661768299
2026-04-23 22:00:00+00:00,SHORT_OPEN,death_cross,78110.715105,0.22776928758526355,17.791221932241335,93926.05661768299,93908.26539575074
2026-04-26 05:00:00+00:00,SHORT_CLOSE,short_stop,77938.94872051336,0.22776928758526355,17.752098825215715,93947.38850277636,93929.63640395115
2026-04-26 14:00:00+00:00,buy,golden_cross,78012.18659999999,0.6023200048475063,46.98830061107656,93929.63640395115,93882.64810334008
2026-04-27 15:00:00+00:00,sell,atr_stop,77328.78391009066,0.6023200048475063,46.57667349957757,93471.0209918411,93424.44431834151
2026-04-27 22:00:00+00:00,SHORT_OPEN,death_cross,76855.13321,0.2847354320623168,21.88337956075626,93424.44431834151,93402.56093878076
2026-04-28 14:00:00+00:00,SHORT_CLOSE,tp1,75908.24699088217,0.11389417282492671,8.645507001616755,93672.17299549513,93663.52748849352
2026-04-28 21:00:00+00:00,SHORT_CLOSE,short_stop,76691.22629872656,0.17084125923739008,13.10202567333409,93529.76231758457,93516.66029191122
2026-04-29 15:00:00+00:00,buy,golden_cross,76635.348525,0.4892826018114568,37.49634271703979,93516.66029191122,93479.16394919419
2026-04-29 18:00:00+00:00,sell,atr_stop,75603.57851753417,0.4892826018114568,36.99151560331588,92974.33683547028,92937.34531986696
2026-04-30 04:00:00+00:00,SHORT_OPEN,death_cross,75875.0435,0.24382224029621133,18.500023088742488,92937.34531986696,92918.84529677822
2026-05-01 03:00:00+00:00,SHORT_CLOSE,short_stop,76866.85554365667,0.24382224029621133,18.74184892317962,92677.0194623411,92658.27761341791
2026-05-01 06:00:00+00:00,buy,golden_cross,77163.99271499999,0.4729761871036577,36.49673105603511,92658.27761341791,92621.78088236187
