timestamp,open,high,low,close,volume,MA_6h,MA_24h
2023-08-01 00:00:00+00:00,1856.13,1862.2,1854.84,1861.64,5393.9656,,
2023-08-01 01:00:00+00:00,1861.65,1864.7,1851.16,1852.52,8929.4823,,
2023-08-01 02:00:00+00:00,1852.53,1853.68,1815.98,1829.06,67880.6655,,
2023-08-01 03:00:00+00:00,1829.07,1829.31,1825.4,1826.49,13607.8401,,
2023-08-01 04:00:00+00:00,1826.49,1827.59,1821.28,1825.27,14229.5479,,
2023-08-01 05:00:00+00:00,1825.26,1829.92,1824.81,1829.87,7972.1209,1837.4750000000001,
2023-08-01 06:00:00+00:00,1829.87,1836.23,1828.0,1832.28,9944.5638,1832.5816666666667,
2023-08-01 07:00:00+00:00,1832.29,1834.96,1829.68,1834.19,10113.8078,1829.5266666666666,
2023-08-01 08:00:00+00:00,1834.18,1837.37,1833.08,1837.18,10463.7059,1830.88,
2023-08-01 09:00:00+00:00,1837.18,1837.33,1831.97,1832.81,7847.4158,1831.9333333333334,
2023-08-01 10:00:00+00:00,1832.81,1835.26,1831.97,1834.13,4699.8893,1833.41,
2023-08-01 11:00:00+00:00,1834.13,1835.05,1830.2,1830.7,5468.3663,1833.5483333333332,
2023-08-01 12:00:00+00:00,1830.7,1836.3,1827.26,1832.01,10040.4634,1833.5033333333333,
2023-08-01 13:00:00+00:00,1832.0,1835.96,1831.41,1833.56,8026.6875,1833.3983333333333,
2023-08-01 14:00:00+00:00,1833.55,1835.78,1826.37,1827.68,14445.2038,1831.8149999999998,
2023-08-01 15:00:00+00:00,1827.67,1836.39,1813.8,1834.58,36379.1527,1832.11,
2023-08-01 16:00:00+00:00,1834.59,1842.19,1829.81,1833.87,17812.854,1832.0666666666666,
2023-08-01 17:00:00+00:00,1833.87,1837.82,1833.66,1837.4,5467.9855,1833.1833333333334,
2023-08-01 18:00:00+00:00,1837.4,1853.57,1837.4,1853.2,21778.0113,1836.7150000000001,
2023-08-01 19:00:00+00:00,1853.2,1857.46,1848.08,1850.96,17110.4052,1839.6149999999998,
2023-08-01 20:00:00+00:00,1850.95,1853.45,1848.12,1850.51,6891.2534,1843.42,
2023-08-01 21:00:00+00:00,1850.52,1852.49,1847.83,1849.83,6800.18,1845.9616666666668,
2023-08-01 22:00:00+00:00,1849.84,1851.66,1846.71,1851.32,3421.4142,1848.87,
2023-08-01 23:00:00+00:00,1851.32,1875.62,1851.31,1873.47,43751.1144,1854.881666666667,1839.7720833333333
2023-08-02 00:00:00+00:00,1873.48,1878.49,1867.64,1870.68,19870.6177,1857.795,1840.14875
2023-08-02 01:00:00+00:00,1870.67,1879.74,1868.4,1869.81,18216.2303,1860.9366666666667,1840.8691666666664
2023-08-02 02:00:00+00:00,1869.81,1870.27,1866.77,1867.78,6287.5361,1863.8149999999998,1842.4825
2023-08-02 03:00:00+00:00,1867.79,1867.79,1863.04,1863.28,8265.6201,1866.0566666666666,1844.0154166666669
2023-08-02 04:00:00+00:00,1863.29,1865.0,1860.68,1863.13,7248.2197,1868.0250000000003,1845.5929166666665
2023-08-02 05:00:00+00:00,1863.13,1863.14,1859.4,1862.43,5412.7462,1866.1849999999997,1846.9495833333333
2023-08-02 06:00:00+00:00,1862.42,1864.22,1857.54,1857.87,6953.5888,1864.0500000000002,1848.0158333333336
2023-08-02 07:00:00+00:00,1857.86,1861.6,1856.16,1857.08,5597.5635,1861.9283333333333,1848.9695833333333
2023-08-02 08:00:00+00:00,1857.08,1858.23,1853.66,1857.38,12243.3514,1860.195,1849.81125
2023-08-02 09:00:00+00:00,1857.39,1860.0,1854.42,1854.71,7972.0558,1858.7666666666667,1850.72375
2023-08-02 10:00:00+00:00,1854.72,1858.89,1854.0,1858.89,4714.298,1858.0600000000002,1851.7554166666666
2023-08-02 11:00:00+00:00,1858.88,1861.01,1858.16,1859.9,5630.2152,1857.6383333333335,1852.9720833333333
2023-08-02 12:00:00+00:00,1859.89,1861.0,1854.13,1854.24,7158.4234,1857.0333333333335,1853.8983333333333
2023-08-02 13:00:00+00:00,1854.23,1855.35,1850.1,1852.61,9221.3625,1856.2883333333332,1854.6920833333334
2023-08-02 14:00:00+00:00,1852.61,1852.61,1841.13,1841.76,21526.939,1853.6850000000002,1855.2787500000002
2023-08-02 15:00:00+00:00,1841.76,1844.2,1834.44,1842.42,16048.3488,1851.6366666666665,1855.6054166666665
2023-08-02 16:00:00+00:00,1842.42,1847.53,1821.21,1829.12,35391.487,1846.6750000000002,1855.4075000000003
2023-08-02 17:00:00+00:00,1829.11,1839.3,1825.65,1831.43,17174.0285,1841.9300000000003,1855.1587500000003
2023-08-02 18:00:00+00:00,1831.44,1834.94,1829.61,1834.0,7857.2629,1838.5566666666666,1854.35875
2023-08-02 19:00:00+00:00,1833.99,1843.6,1833.4,1841.84,7644.5953,1836.7616666666665,1853.97875
2023-08-02 20:00:00+00:00,1841.85,1844.63,1840.96,1842.4,5236.1198,1836.8683333333336,1853.6408333333331
2023-08-02 21:00:00+00:00,1842.39,1844.86,1838.59,1843.83,6222.7768,1837.1033333333335,1853.3908333333336
2023-08-02 22:00:00+00:00,1843.82,1845.58,1842.31,1842.6,6281.4899,1839.3499999999997,1853.0275000000001
2023-08-02 23:00:00+00:00,1842.6,1842.61,1837.6,1839.9,6038.1786,1840.7616666666665,1851.62875
2023-08-03 00:00:00+00:00,1839.9,1843.38,1838.8,1838.91,4770.2545,1841.58,1850.305
2023-08-03 01:00:00+00:00,1838.91,1845.99,1837.2,1844.8,5809.5473,1842.0733333333335,1849.2629166666668
2023-08-03 02:00:00+00:00,1844.79,1846.07,1837.74,1841.65,5913.9635,1841.948333333333,1848.1741666666667
2023-08-03 03:00:00+00:00,1841.66,1841.95,1839.36,1840.73,4013.6521,1841.4316666666666,1847.2345833333331
2023-08-03 04:00:00+00:00,1840.72,1840.98,1834.07,1837.18,4032.5489,1840.5283333333336,1846.1533333333334
2023-08-03 05:00:00+00:00,1837.18,1839.28,1834.41,1838.61,4173.4494,1840.3133333333333,1845.1608333333334
2023-08-03 06:00:00+00:00,1838.61,1840.83,1832.34,1835.2,5884.0285,1839.695,1844.2162499999997
2023-08-03 07:00:00+00:00,1835.21,1836.76,1832.0,1832.16,6851.4448,1837.5883333333334,1843.1779166666668
2023-08-03 08:00:00+00:00,1832.16,1834.2,1826.0,1832.87,11512.9623,1836.125,1842.1566666666668
2023-08-03 09:00:00+00:00,1832.88,1835.4,1832.04,1834.8,6983.1548,1835.1366666666665,1841.3270833333333
2023-08-03 10:00:00+00:00,1834.81,1838.13,1834.8,1837.61,3754.1047,1835.208333333333,1840.4404166666666
2023-08-03 11:00:00+00:00,1837.61,1838.78,1836.32,1837.62,3809.5852,1835.0433333333333,1839.5120833333333
2023-08-03 12:00:00+00:00,1837.63,1838.2,1833.7,1834.74,5215.3796,1834.9666666666665,1838.6995833333333
2023-08-03 13:00:00+00:00,1834.73,1840.34,1834.62,1838.86,5479.4319,1836.0833333333333,1838.1266666666668
2023-08-03 14:00:00+00:00,1838.85,1849.53,1836.48,1847.69,10758.133,1838.5533333333333,1838.37375
2023-08-03 15:00:00+00:00,1847.68,1850.0,1839.03,1840.5,8922.9259,1839.503333333333,1838.29375
2023-08-03 16:00:00+00:00,1840.49,1848.92,1839.31,1847.42,7984.2451,1841.1383333333333,1839.0562499999999
2023-08-03 17:00:00+00:00,1847.41,1859.12,1846.35,1846.66,19335.2929,1842.6449999999998,1839.690833333333
2023-08-03 18:00:00+00:00,1846.66,1846.94,1841.41,1846.66,8942.1099,1844.631666666667,1840.2183333333332
2023-08-03 19:00:00+00:00,1846.66,1846.77,1842.29,1845.48,3855.2887,1845.735,1840.37
2023-08-03 20:00:00+00:00,1845.47,1853.7,1843.37,1844.17,10080.6562,1845.1483333333335,1840.4437500000001
2023-08-03 21:00:00+00:00,1844.16,1847.18,1836.08,1839.94,6173.5634,1845.0550000000003,1840.2816666666665
2023-08-03 22:00:00+00:00,1839.94,1840.34,1831.11,1837.81,13182.0631,1843.4533333333336,1840.0820833333335
2023-08-03 23:00:00+00:00,1837.81,1838.97,1835.81,1835.81,3710.2663,1841.6450000000002,1839.9116666666666
2023-08-04 00:00:00+00:00,1835.81,1839.07,1833.74,1838.45,8353.7468,1840.2766666666666,1839.8925
2023-08-04 01:00:00+00:00,1838.45,1838.45,1834.7,1835.67,3929.2788,1838.6416666666667,1839.5120833333333
2023-08-04 02:00:00+00:00,1835.66,1837.08,1828.35,1834.65,6849.8544,1837.055,1839.2204166666663
2023-08-04 03:00:00+00:00,1834.66,1835.61,1832.48,1834.3,3242.4479,1836.1149999999998,1838.9525
2023-08-04 04:00:00+00:00,1834.3,1835.45,1831.21,1835.44,3480.5653,1835.72,1838.88
2023-08-04 05:00:00+00:00,1835.44,1837.6,1834.6,1836.48,2963.8185,1835.8316666666667,1838.79125
2023-08-04 06:00:00+00:00,1836.48,1837.32,1832.81,1832.99,5188.319,1834.9216666666664,1838.699166666667
2023-08-04 07:00:00+00:00,1833.0,1838.27,1831.67,1837.8,7225.697,1835.2766666666666,1838.9341666666667
2023-08-04 08:00:00+00:00,1837.81,1840.58,1835.0,1835.16,9152.1085,1835.3616666666667,1839.0295833333332
2023-08-04 09:00:00+00:00,1835.15,1838.69,1834.43,1838.14,4448.2304,1836.0016666666668,1839.16875
2023-08-04 10:00:00+00:00,1838.14,1838.34,1834.27,1834.97,4258.2198,1835.9233333333334,1839.0587500000001
2023-08-04 11:00:00+00:00,1834.98,1836.15,1833.38,1834.6,3071.9782,1835.61,1838.9329166666666
2023-08-04 12:00:00+00:00,1834.6,1843.83,1831.5,1839.44,12471.7767,1836.6849999999997,1839.12875
2023-08-04 13:00:00+00:00,1839.45,1851.31,1838.68,1842.93,16456.5004,1837.54,1839.2983333333334
2023-08-04 14:00:00+00:00,1842.93,1849.4,1836.77,1846.8,15144.9492,1839.4800000000002,1839.2612499999998
2023-08-04 15:00:00+00:00,1846.8,1849.19,1844.76,1847.26,9014.4337,1841.0,1839.5429166666665
2023-08-04 16:00:00+00:00,1847.26,1848.2,1844.5,1847.67,8144.5284,1843.1166666666666,1839.5533333333333
2023-08-04 17:00:00+00:00,1847.67,1848.57,1841.2,1841.29,7279.0619,1844.2316666666666,1839.3295833333334
2023-08-04 18:00:00+00:00,1841.3,1841.3,1827.16,1832.39,16820.9681,1843.0566666666666,1838.735
2023-08-04 19:00:00+00:00,1832.4,1834.75,1828.2,1831.33,6640.7099,1841.1233333333332,1838.145416666667
2023-08-04 20:00:00+00:00,1831.34,1834.2,1815.74,1822.61,20760.275,1837.0916666666665,1837.2470833333334
2023-08-04 21:00:00+00:00,1822.61,1832.99,1821.68,1829.29,6916.3842,1834.0966666666666,1836.8033333333335
2023-08-04 22:00:00+00:00,1829.3,1831.87,1828.51,1828.6,2753.8173,1830.9183333333333,1836.4195833333333
2023-08-04 23:00:00+00:00,1828.6,1830.69,1826.8,1830.23,3131.7858,1829.0749999999998,1836.1870833333332
2023-08-05 00:00:00+00:00,1830.24,1834.02,1829.52,1832.07,8190.9205,1829.0216666666668,1835.92125
2023-08-05 01:00:00+00:00,1832.07,1832.67,1827.58,1827.58,3752.3204,1828.3966666666668,1835.5841666666665
2023-08-05 02:00:00+00:00,1827.59,1831.38,1827.5,1830.79,2508.9831,1829.76,1835.4233333333332
2023-08-05 03:00:00+00:00,1830.79,1832.49,1830.4,1832.49,3793.5014,1830.2933333333333,1835.3479166666666
2023-08-05 04:00:00+00:00,1832.48,1832.49,1828.69,1829.8,3321.3349,1830.493333333333,1835.1129166666667
2023-08-05 05:00:00+00:00,1829.79,1833.97,1829.07,1833.43,3894.9642,1831.0266666666666,1834.9858333333334
2023-08-05 06:00:00+00:00,1833.42,1833.56,1831.6,1831.92,3575.8151,1831.0016666666668,1834.9412499999999
2023-08-05 07:00:00+00:00,1831.92,1832.17,1830.5,1831.08,3782.0583,1831.585,1834.66125
2023-08-05 08:00:00+00:00,1831.07,1833.51,1830.2,1833.0,2796.6919,1831.9533333333331,1834.57125
2023-08-05 09:00:00+00:00,1833.01,1833.01,1830.9,1831.02,2285.566,1831.7083333333333,1834.274583333333
2023-08-05 10:00:00+00:00,1831.01,1833.5,1830.72,1831.79,3436.87,1832.0400000000002,1834.1420833333332
2023-08-05 11:00:00+00:00,1831.78,1835.0,1831.78,1832.74,3049.4879,1831.9250000000002,1834.064583333333
2023-08-05 12:00:00+00:00,1832.74,1833.2,1830.51,1830.71,3761.4209,1831.7233333333334,1833.7008333333333
2023-08-05 13:00:00+00:00,1830.71,1833.06,1830.71,1832.91,2804.1319,1832.0283333333334,1833.283333333333
2023-08-05 14:00:00+00:00,1832.9,1836.53,1832.9,1835.75,7829.0661,1832.4866666666667,1832.8229166666667
2023-08-05 15:00:00+00:00,1835.76,1837.09,1831.2,1833.79,6959.5369,1832.9483333333335,1832.2616666666665
2023-08-05 16:00:00+00:00,1833.78,1834.24,1830.86,1831.22,6064.7599,1832.8533333333332,1831.57625
2023-08-05 17:00:00+00:00,1831.22,1834.7,1830.98,1834.31,4625.4881,1833.1149999999998,1831.2854166666666
2023-08-05 18:00:00+00:00,1834.31,1839.0,1833.76,1837.28,5450.5028,1834.21,1831.4891666666665
2023-08-05 19:00:00+00:00,1837.28,1838.49,1835.49,1835.49,2823.9617,1834.64,1831.6625000000001
2023-08-05 20:00:00+00:00,1835.5,1835.57,1834.28,1834.5,2601.1592,1834.4316666666666,1832.1579166666668
2023-08-05 21:00:00+00:00,1834.51,1836.74,1834.5,1835.33,2151.0061,1834.6883333333333,1832.409583333333
2023-08-05 22:00:00+00:00,1835.33,1838.35,1834.57,1838.34,2038.1732,1835.875,1832.8154166666666
2023-08-05 23:00:00+00:00,1838.35,1838.35,1836.47,1836.48,2159.605,1836.2366666666665,1833.0758333333333
2023-08-06 00:00:00+00:00,1836.48,1837.76,1835.45,1836.59,2223.3837,1836.1216666666667,1833.2641666666668
2023-08-06 01:00:00+00:00,1836.58,1837.1,1833.48,1833.5,2539.9222,1835.79,1833.5108333333335
2023-08-06 02:00:00+00:00,1833.5,1838.58,1833.34,1836.3,6611.8019,1836.0900000000001,1833.7404166666665
2023-08-06 03:00:00+00:00,1836.31,1836.54,1833.92,1834.77,3846.157,1835.9966666666667,1833.8354166666668
2023-08-06 04:00:00+00:00,1834.78,1836.0,1834.77,1835.79,3630.0801,1835.5716666666667,1834.085
2023-08-06 05:00:00+00:00,1835.79,1836.45,1835.49,1836.44,1452.9602,1835.5650000000003,1834.2104166666666
2023-08-06 06:00:00+00:00,1836.44,1836.81,1832.36,1834.57,3805.3622,1835.2283333333335,1834.3208333333332
2023-08-06 07:00:00+00:00,1834.56,1835.26,1833.85,1835.15,3085.8389,1835.5033333333333,1834.4904166666665
2023-08-06 08:00:00+00:00,1835.15,1837.86,1834.0,1835.61,4838.0345,1835.3883333333333,1834.5991666666666
2023-08-06 09:00:00+00:00,1835.62,1835.62,1830.08,1831.39,7278.3588,1834.825,1834.6145833333333
2023-08-06 10:00:00+00:00,1831.4,1831.4,1828.51,1831.17,3495.7916,1834.055,1834.5887500000001
2023-08-06 11:00:00+00:00,1831.18,1833.41,1831.17,1832.39,2588.5726,1833.3799999999999,1834.574166666667
2023-08-06 12:00:00+00:00,1832.39,1833.01,1828.79,1829.39,3167.4777,1832.5166666666667,1834.5191666666667
2023-08-06 13:00:00+00:00,1829.4,1830.69,1828.21,1829.26,3542.4521,1831.535,1834.3670833333333
2023-08-06 14:00:00+00:00,1829.26,1830.98,1825.86,1829.86,3777.9862,1830.5766666666666,1834.1216666666667
2023-08-06 15:00:00+00:00,1829.86,1830.84,1828.55,1829.29,4512.0594,1830.2266666666667,1833.9341666666667
2023-08-06 16:00:00+00:00,1829.29,1835.97,1828.49,1835.63,5858.0495,1830.97,1834.1179166666668
2023-08-06 17:00:00+00:00,1835.63,1836.06,1830.58,1832.91,4452.5318,1831.0566666666666,1834.0595833333334
2023-08-06 18:00:00+00:00,1832.91,1834.4,1832.73,1833.03,2213.3756,1831.6633333333332,1833.8825
2023-08-06 19:00:00+00:00,1833.04,1833.72,1831.5,1832.0,2144.3467,1832.12,1833.7370833333332
2023-08-06 20:00:00+00:00,1832.01,1833.19,1830.75,1832.43,2150.6716,1832.5483333333334,1833.6508333333331
2023-08-06 21:00:00+00:00,1832.44,1838.05,1828.95,1830.2,5958.6303,1832.7,1833.4370833333335
2023-08-06 22:00:00+00:00,1830.19,1833.94,1828.01,1830.14,4542.147,1831.785,1833.0954166666668
2023-08-06 23:00:00+00:00,1830.14,1830.49,1828.0,1830.28,2687.9999,1831.346666666667,1832.8370833333336
2023-08-07 00:00:00+00:00,1830.28,1832.33,1826.41,1829.98,5233.1471,1830.8383333333334,1832.5616666666665
2023-08-07 01:00:00+00:00,1829.98,1844.7,1829.97,1841.0,14118.5631,1832.3383333333334,1832.8741666666665
2023-08-07 02:00:00+00:00,1840.99,1844.96,1840.08,1844.4,5577.9627,1834.3333333333333,1833.2116666666668
2023-08-07 03:00:00+00:00,1844.39,1847.0,1838.58,1838.71,6591.7442,1835.7516666666663,1833.3758333333333
2023-08-07 04:00:00+00:00,1838.7,1841.94,1838.04,1841.36,4106.8232,1837.6216666666667,1833.6079166666666
2023-08-07 05:00:00+00:00,1841.35,1842.39,1839.68,1839.7,4539.2111,1839.1916666666668,1833.7437500000003
2023-08-07 06:00:00+00:00,1839.7,1839.71,1832.28,1832.47,6536.6791,1839.6066666666666,1833.6562500000002
2023-08-07 07:00:00+00:00,1832.46,1836.87,1832.02,1836.87,6365.4143,1838.9183333333333,1833.7279166666667
2023-08-07 08:00:00+00:00,1836.87,1836.89,1833.31,1833.32,5619.1984,1837.0716666666667,1833.6325
2023-08-07 09:00:00+00:00,1833.32,1836.13,1832.55,1835.63,3994.0966,1836.5583333333334,1833.809166666667
2023-08-07 10:00:00+00:00,1835.64,1837.39,1833.5,1837.38,4040.7355,1835.8950000000002,1834.0679166666666
2023-08-07 11:00:00+00:00,1837.38,1837.39,1834.21,1834.22,4338.798,1834.9816666666666,1834.1441666666667
2023-08-07 12:00:00+00:00,1834.21,1837.3,1832.0,1833.35,9037.8127,1835.1283333333333,1834.3091666666667
2023-08-07 13:00:00+00:00,1833.34,1835.2,1828.21,1828.22,8150.5779,1833.6866666666665,1834.2658333333336
2023-08-07 14:00:00+00:00,1828.21,1832.93,1826.49,1829.89,11311.8421,1833.115,1834.2670833333334
2023-08-07 15:00:00+00:00,1829.9,1830.2,1813.86,1818.18,24639.0262,1830.206666666667,1833.8041666666668
2023-08-07 16:00:00+00:00,1818.18,1819.56,1802.0,1815.59,40696.6229,1826.5749999999998,1832.9691666666665
2023-08-07 17:00:00+00:00,1815.59,1818.83,1805.95,1815.12,18103.046,1823.3916666666667,1832.2279166666667
2023-08-07 18:00:00+00:00,1815.12,1831.33,1813.63,1821.9,16893.7539,1821.4833333333333,1831.7641666666668
2023-08-07 19:00:00+00:00,1821.9,1825.59,1817.21,1825.28,6369.2308,1820.9933333333336,1831.4841666666669
2023-08-07 20:00:00+00:00,1825.27,1827.5,1823.2,1827.4,4014.4452,1820.5783333333331,1831.2745833333336
2023-08-07 21:00:00+00:00,1827.41,1830.68,1824.35,1825.81,5841.738,1821.8500000000001,1831.0916666666665
2023-08-07 22:00:00+00:00,1825.81,1828.39,1825.0,1827.74,3814.7104,1823.875,1830.9916666666666
2023-08-07 23:00:00+00:00,1827.75,1829.28,1826.38,1829.1,4157.7265,1826.205,1830.9425
2023-08-08 00:00:00+00:00,1829.1,1835.34,1828.04,1835.19,9497.3378,1828.42,1831.1595833333333
2023-08-08 01:00:00+00:00,1835.18,1835.41,1826.7,1826.97,5885.8028,1828.7016666666666,1830.575
2023-08-08 02:00:00+00:00,1826.98,1830.78,1826.33,1829.2,2549.4994,1829.0016666666668,1829.9416666666666
2023-08-08 03:00:00+00:00,1829.2,1830.8,1828.65,1830.0,4722.1155,1829.7,1829.57875
2023-08-08 04:00:00+00:00,1830.0,1833.73,1829.86,1833.61,4384.4016,1830.6783333333333,1829.2558333333334
2023-08-08 05:00:00+00:00,1833.61,1839.2,1833.5,1834.88,6334.0082,1831.6416666666667,1829.055
2023-08-08 06:00:00+00:00,1834.87,1837.17,1833.13,1833.33,4270.1092,1831.3316666666667,1829.090833333333
2023-08-08 07:00:00+00:00,1833.33,1833.5,1830.24,1830.56,4124.3268,1831.93,1828.8279166666669
2023-08-08 08:00:00+00:00,1830.56,1831.8,1830.31,1830.38,2719.7631,1832.1266666666668,1828.7054166666667
2023-08-08 09:00:00+00:00,1830.37,1831.4,1830.09,1831.01,3546.0736,1832.295,1828.5129166666666
2023-08-08 10:00:00+00:00,1831.02,1834.79,1830.31,1834.51,4651.8117,1832.4449999999997,1828.3933333333334
2023-08-08 11:00:00+00:00,1834.51,1839.31,1832.73,1839.09,9263.2137,1833.1466666666665,1828.5962499999998
2023-08-08 12:00:00+00:00,1839.08,1845.81,1835.48,1845.59,16522.3557,1835.1899999999998,1829.10625
2023-08-08 13:00:00+00:00,1845.59,1848.96,1835.57,1835.57,17906.8164,1836.0249999999999,1829.4125000000001
2023-08-08 14:00:00+00:00,1835.58,1843.2,1835.57,1838.61,6496.2269,1837.3966666666665,1829.7758333333331
2023-08-08 15:00:00+00:00,1838.61,1845.73,1838.6,1843.58,6987.4751,1839.4916666666666,1830.8341666666665
2023-08-08 16:00:00+00:00,1843.58,1858.79,1843.4,1854.4,24091.1473,1842.8066666666664,1832.45125
2023-08-08 17:00:00+00:00,1854.39,1857.6,1849.92,1853.5,17455.1986,1845.2083333333333,1834.0504166666667
2023-08-08 18:00:00+00:00,1853.5,1871.43,1851.23,1858.63,34145.1286,1847.381666666667,1835.5808333333332
2023-08-08 19:00:00+00:00,1858.63,1864.71,1858.62,1859.07,9462.5545,1851.2983333333334,1836.9887499999998
2023-08-08 20:00:00+00:00,1859.07,1864.58,1856.72,1863.39,8502.272,1855.4283333333333,1838.4883333333335
2023-08-08 21:00:00+00:00,1863.39,1876.51,1861.0,1861.99,18417.049,1858.4966666666667,1839.9958333333334
2023-08-08 22:00:00+00:00,1861.98,1863.6,1854.75,1857.4,10615.1285,1858.996666666667,1841.2316666666668
2023-08-08 23:00:00+00:00,1857.41,1859.66,1855.77,1856.3,3786.214,1859.4633333333334,1842.3649999999998
2023-08-09 00:00:00+00:00,1856.3,1860.5,1855.15,1855.15,7245.4182,1858.8833333333332,1843.1966666666667
2023-08-09 01:00:00+00:00,1855.16,1861.02,1853.2,1858.9,12777.7729,1858.8550000000002,1844.5270833333334
2023-08-09 02:00:00+00:00,1858.9,1859.12,1852.18,1853.41,7832.4325,1857.1916666666668,1845.5358333333334
2023-08-09 03:00:00+00:00,1853.41,1855.35,1853.15,1854.9,3866.4472,1856.0100000000002,1846.5733333333335
2023-08-09 04:00:00+00:00,1854.9,1857.51,1853.64,1856.82,5920.8859,1855.9133333333332,1847.5404166666667
2023-08-09 05:00:00+00:00,1856.82,1859.14,1855.86,1857.56,8936.2011,1856.1233333333332,1848.4854166666667
2023-08-09 06:00:00+00:00,1857.56,1858.3,1854.38,1857.83,9026.8212,1856.57,1849.5062500000001
2023-08-09 07:00:00+00:00,1857.83,1863.25,1857.61,1861.1,11236.5744,1856.9366666666667,1850.7787500000002
2023-08-09 08:00:00+00:00,1861.11,1864.45,1859.82,1862.21,8866.1506,1858.403333333333,1852.1050000000002
2023-08-09 09:00:00+00:00,1862.2,1862.34,1859.36,1859.36,6444.6329,1859.1466666666665,1853.28625
2023-08-09 10:00:00+00:00,1859.37,1866.25,1858.06,1864.53,6357.0849,1860.4316666666666,1854.5370833333334
2023-08-09 11:00:00+00:00,1864.54,1865.0,1859.54,1862.79,5795.5801,1861.3033333333333,1855.5245833333336
2023-08-09 12:00:00+00:00,1862.79,1869.99,1860.3,1869.24,14815.6618,1863.205,1856.51
2023-08-09 13:00:00+00:00,1869.24,1871.99,1860.03,1860.4,14759.24,1863.0883333333334,1857.5445833333333
2023-08-09 14:00:00+00:00,1860.4,1863.99,1853.28,1853.29,11591.3105,1861.6016666666665,1858.1562500000002
2023-08-09 15:00:00+00:00,1853.28,1855.82,1851.12,1853.2,11044.8173,1860.575,1858.5570833333334
2023-08-09 16:00:00+00:00,1853.2,1854.17,1847.11,1849.0,11914.6124,1857.9866666666667,1858.3320833333335
2023-08-09 17:00:00+00:00,1849.0,1852.31,1846.83,1849.4,7996.7247,1855.755,1858.16125
2023-08-09 18:00:00+00:00,1849.4,1855.0,1848.35,1853.29,6075.3045,1853.096666666667,1857.9387500000003
2023-08-09 19:00:00+00:00,1853.28,1854.89,1846.28,1848.4,4842.7395,1851.0966666666666,1857.4941666666666
2023-08-09 20:00:00+00:00,1848.41,1853.2,1848.17,1852.61,3475.1116,1850.9833333333333,1857.0449999999998
2023-08-09 21:00:00+00:00,1852.6,1854.95,1847.28,1853.8,4532.6929,1851.0833333333333,1856.70375
2023-08-09 22:00:00+00:00,1853.81,1855.63,1853.56,1855.57,2324.3087,1852.1783333333333,1856.6274999999998
2023-08-09 23:00:00+00:00,1855.57,1858.75,1855.05,1855.35,4248.3085,1853.17,1856.5879166666666
2023-08-10 00:00:00+00:00,1855.36,1858.02,1854.76,1857.49,3491.8706,1853.87,1856.6854166666665
2023-08-10 01:00:00+00:00,1857.5,1857.81,1854.96,1855.51,4105.4834,1855.055,1856.5441666666666
2023-08-10 02:00:00+00:00,1855.51,1856.89,1853.52,1853.53,2616.7378,1855.2083333333333,1856.5491666666667
2023-08-10 03:00:00+00:00,1853.53,1854.79,1852.54,1852.84,4458.9224,1855.0483333333332,1856.4633333333334
2023-08-10 04:00:00+00:00,1852.85,1853.5,1851.99,1852.23,2553.7124,1854.4916666666666,1856.2720833333333
2023-08-10 05:00:00+00:00,1852.23,1854.31,1850.82,1853.57,3204.0431,1854.1949999999997,1856.105833333333
2023-08-10 06:00:00+00:00,1853.57,1855.48,1850.03,1850.03,4477.6834,1852.9516666666666,1855.7808333333335
2023-08-10 07:00:00+00:00,1850.03,1854.34,1849.75,1851.06,6880.0893,1852.2099999999998,1855.3625
2023-08-10 08:00:00+00:00,1851.05,1852.17,1849.78,1851.78,4203.3366,1851.9183333333333,1854.9279166666665
2023-08-10 09:00:00+00:00,1851.78,1853.0,1850.17,1851.99,4357.6378,1851.7766666666666,1854.6208333333332
2023-08-10 10:00:00+00:00,1852.0,1854.13,1850.81,1854.12,3635.1558,1852.091666666667,1854.1870833333332
2023-08-10 11:00:00+00:00,1854.12,1854.66,1850.63,1850.92,3653.0465,1851.6499999999999,1853.6924999999999
2023-08-10 12:00:00+00:00,1850.91,1859.74,1850.12,1857.12,18901.48,1852.8316666666667,1853.1875
2023-08-10 13:00:00+00:00,1857.13,1864.51,1854.08,1863.89,10816.7471,1854.97,1853.3329166666665
2023-08-10 14:00:00+00:00,1863.89,1865.95,1848.1,1852.97,14430.183,1855.1683333333333,1853.3195833333332
2023-08-10 15:00:00+00:00,1852.98,1856.5,1851.53,1853.76,6449.4764,1855.4633333333334,1853.3429166666665
2023-08-10 16:00:00+00:00,1853.77,1854.27,1849.62,1851.61,5758.2307,1855.0449999999998,1853.4516666666666
2023-08-10 17:00:00+00:00,1851.61,1852.4,1845.38,1848.25,7939.962,1854.5999999999997,1853.4037499999997
2023-08-10 18:00:00+00:00,1848.24,1850.95,1847.28,1850.3,4284.2221,1853.4633333333334,1853.2791666666665
2023-08-10 19:00:00+00:00,1850.3,1850.8,1847.61,1849.89,3018.4758,1851.1299999999999,1853.3412500000002
2023-08-10 20:00:00+00:00,1849.89,1852.47,1849.0,1850.43,2542.174,1850.7066666666667,1853.2504166666668
2023-08-10 21:00:00+00:00,1850.43,1852.03,1850.0,1850.01,2160.0624,1850.0816666666667,1853.0925
2023-08-10 22:00:00+00:00,1850.0,1853.07,1849.89,1851.61,1829.003,1850.081666666667,1852.9275
2023-08-10 23:00:00+00:00,1851.6,1853.25,1851.52,1852.47,1553.7197,1850.785,1852.8075
2023-08-11 00:00:00+00:00,1852.47,1854.45,1852.02,1854.45,2226.077,1851.4766666666667,1852.6808333333336
2023-08-11 01:00:00+00:00,1854.45,1854.8,1851.2,1851.21,3935.3173,1851.6966666666667,1852.5016666666668
2023-08-11 02:00:00+00:00,1851.21,1851.21,1842.81,1844.34,6867.8522,1850.6816666666666,1852.1187499999999
2023-08-11 03:00:00+00:00,1844.35,1847.5,1843.01,1846.66,7317.8624,1850.1233333333332,1851.86125
2023-08-11 04:00:00+00:00,1846.65,1848.38,1846.41,1848.2,2991.9692,1849.5550000000003,1851.6933333333334
2023-08-11 05:00:00+00:00,1848.2,1850.15,1847.24,1850.14,3972.2352,1849.1666666666667,1851.550416666667
2023-08-11 06:00:00+00:00,1850.14,1850.94,1848.68,1850.57,3879.0803,1848.5199999999998,1851.5729166666667
2023-08-11 07:00:00+00:00,1850.57,1851.17,1849.37,1849.38,4873.7667,1848.2150000000001,1851.5029166666666
2023-08-11 08:00:00+00:00,1849.38,1851.6,1848.65,1848.67,3612.4329,1848.9366666666667,1851.3733333333332
2023-08-11 09:00:00+00:00,1848.66,1848.67,1846.49,1847.05,2773.8818,1849.0016666666668,1851.1675000000002
2023-08-11 10:00:00+00:00,1847.06,1849.73,1845.85,1848.45,3931.4046,1849.0433333333333,1850.9312499999999
2023-08-11 11:00:00+00:00,1848.44,1851.72,1848.44,1851.33,2593.4043,1849.2416666666668,1850.9483333333335
2023-08-11 12:00:00+00:00,1851.32,1852.72,1848.83,1849.25,5120.1529,1849.0216666666668,1850.6204166666666
2023-08-11 13:00:00+00:00,1849.25,1852.66,1847.63,1852.55,4922.8529,1849.55,1850.1479166666668
2023-08-11 14:00:00+00:00,1852.56,1857.26,1852.05,1853.69,12413.8792,1850.3866666666665,1850.1779166666665
2023-08-11 15:00:00+00:00,1853.7,1855.19,1843.83,1845.8,8858.1051,1850.1783333333333,1849.8462500000003
2023-08-11 16:00:00+00:00,1845.8,1848.92,1838.05,1844.33,12059.9626,1849.4916666666666,1849.542916666667
2023-08-11 17:00:00+00:00,1844.33,1845.29,1842.01,1842.9,3805.449,1848.0866666666664,1849.32
2023-08-11 18:00:00+00:00,1842.9,1845.4,1842.22,1845.0,2780.8212,1847.378333333333,1849.0991666666666
2023-08-11 19:00:00+00:00,1845.0,1845.35,1842.61,1844.56,4305.6429,1846.0466666666669,1848.8770833333335
2023-08-11 20:00:00+00:00,1844.55,1845.89,1844.14,1845.88,2794.6709,1844.745,1848.6875
2023-08-11 21:00:00+00:00,1845.88,1846.66,1843.96,1845.4,2696.8089,1844.6783333333333,1848.4954166666666
2023-08-11 22:00:00+00:00,1845.4,1847.33,1845.0,1846.62,1463.202,1845.0600000000002,1848.2874999999997
2023-08-11 23:00:00+00:00,1846.62,1850.99,1846.4,1848.84,3012.4788,1846.0500000000002,1848.1362500000002
2023-08-12 00:00:00+00:00,1848.84,1854.01,1848.2,1852.99,6570.6152,1847.381666666667,1848.0754166666666
2023-08-12 01:00:00+00:00,1852.98,1853.5,1848.88,1848.97,2021.5054,1848.1166666666666,1847.9820833333333
2023-08-12 02:00:00+00:00,1848.96,1849.69,1848.19,1848.57,1857.5389,1848.5649999999998,1848.1583333333335
2023-08-12 03:00:00+00:00,1848.56,1848.89,1847.66,1847.8,2020.9449,1848.9650000000001,1848.2058333333334
2023-08-12 04:00:00+00:00,1847.79,1848.64,1847.68,1848.52,2519.9167,1849.2816666666665,1848.2191666666668
2023-08-12 05:00:00+00:00,1848.52,1848.53,1847.06,1847.12,1677.7596,1848.995,1848.0933333333332
2023-08-12 06:00:00+00:00,1847.12,1849.27,1847.06,1849.07,2447.2081,1848.3416666666665,1848.0308333333332
2023-08-12 07:00:00+00:00,1849.08,1851.46,1849.03,1850.69,4251.3043,1848.6283333333333,1848.0854166666666
2023-08-12 08:00:00+00:00,1850.69,1850.98,1848.63,1848.79,3923.1905,1848.665,1848.0904166666667
2023-08-12 09:00:00+00:00,1848.79,1850.95,1848.79,1850.29,1999.6427,1849.08,1848.2254166666664
2023-08-12 10:00:00+00:00,1850.29,1851.27,1850.07,1851.27,2707.7869,1849.5383333333332,1848.3429166666667
2023-08-12 11:00:00+00:00,1851.27,1851.49,1849.7,1850.85,2249.5792,1850.1599999999999,1848.3229166666667
2023-08-12 12:00:00+00:00,1850.85,1851.9,1850.4,1851.76,3039.9006,1850.6083333333333,1848.4275
2023-08-12 13:00:00+00:00,1851.77,1853.07,1851.27,1851.27,5088.5429,1850.705,1848.3741666666667
2023-08-12 14:00:00+00:00,1851.28,1853.09,1851.27,1852.67,2687.5289,1851.3516666666667,1848.3316666666667
2023-08-12 15:00:00+00:00,1852.67,1853.67,1850.68,1850.83,3273.4909,1851.4416666666666,1848.54125
2023-08-12 16:00:00+00:00,1850.84,1852.68,1850.83,1851.88,2381.1654,1851.543333333333,1848.855833333333
2023-08-12 17:00:00+00:00,1851.88,1851.89,1848.64,1848.9,2461.0932,1851.2183333333335,1849.1058333333333
2023-08-12 18:00:00+00:00,1848.89,1849.54,1847.26,1848.84,2384.1347,1850.7316666666668,1849.2658333333336
2023-08-12 19:00:00+00:00,1848.84,1848.85,1847.2,1847.43,1731.1249,1850.0916666666665,1849.3854166666667
2023-08-12 20:00:00+00:00,1847.42,1848.09,1847.23,1847.52,1654.3778,1849.2333333333333,1849.45375
2023-08-12 21:00:00+00:00,1847.52,1849.67,1846.08,1849.42,1951.2825,1848.9983333333332,1849.62125
2023-08-12 22:00:00+00:00,1849.41,1849.74,1849.2,1849.66,1389.9887,1848.6283333333333,1849.747916666667
2023-08-12 23:00:00+00:00,1849.66,1849.94,1849.32,1849.93,1003.0247,1848.8,1849.7933333333333
2023-08-13 00:00:00+00:00,1849.94,1851.31,1849.42,1851.3,1456.3278,1849.21,1849.7229166666666
2023-08-13 01:00:00+00:00,1851.3,1851.55,1850.13,1851.3,3556.598,1849.8550000000002,1849.82
2023-08-13 02:00:00+00:00,1851.31,1851.46,1850.61,1850.64,1859.5851,1850.375,1849.90625
2023-08-13 03:00:00+00:00,1850.65,1850.65,1849.1,1849.9,1838.6868,1850.4550000000002,1849.9937499999999
2023-08-13 04:00:00+00:00,1849.9,1849.94,1848.53,1848.96,2412.6246,1850.3383333333334,1850.0120833333333
2023-08-13 05:00:00+00:00,1848.95,1848.96,1846.68,1848.01,2527.3254,1850.0183333333334,1850.0491666666667
2023-08-13 06:00:00+00:00,1848.01,1848.98,1848.01,1848.97,1636.57,1849.6299999999999,1850.045
2023-08-13 07:00:00+00:00,1848.98,1850.01,1848.69,1850.0,2788.8962,1849.4133333333332,1850.0162500000004
2023-08-13 08:00:00+00:00,1850.0,1851.28,1850.0,1850.82,2205.7473,1849.4433333333334,1850.1008333333336
2023-08-13 09:00:00+00:00,1850.81,1851.0,1850.03,1851.0,1881.1084,1849.6266666666663,1850.1304166666669
2023-08-13 10:00:00+00:00,1850.99,1851.11,1850.3,1850.39,1822.7163,1849.865,1850.09375
2023-08-13 11:00:00+00:00,1850.39,1850.4,1849.0,1849.4,2393.3209,1850.0966666666666,1850.0333333333335
2023-08-13 12:00:00+00:00,1849.4,1851.85,1849.31,1850.8,2870.2668,1850.4016666666666,1849.993333333333
2023-08-13 13:00:00+00:00,1850.79,1850.8,1849.65,1849.65,2995.7347,1850.3433333333335,1849.9258333333335
2023-08-13 14:00:00+00:00,1849.65,1850.91,1849.33,1849.41,2214.3616,1850.1083333333336,1849.79
2023-08-13 15:00:00+00:00,1849.4,1849.41,1847.3,1848.01,2946.8786,1849.6100000000004,1849.6725
2023-08-13 16:00:00+00:00,1848.01,1848.19,1846.0,1848.0,3229.7966,1849.2116666666668,1849.5108333333335
2023-08-13 17:00:00+00:00,1848.01,1851.5,1847.8,1850.11,4181.6996,1849.33,1849.56125
2023-08-13 18:00:00+00:00,1850.12,1856.69,1850.11,1854.24,7438.0962,1849.9033333333336,1849.7862499999999
2023-08-13 19:00:00+00:00,1854.24,1862.0,1854.23,1858.59,11290.5713,1851.3933333333332,1850.25125
2023-08-13 20:00:00+00:00,1858.6,1860.19,1854.4,1854.6,3955.2201,1852.2583333333332,1850.54625
2023-08-13 21:00:00+00:00,1854.59,1854.77,1846.81,1848.52,7556.6135,1852.3433333333332,1850.50875
2023-08-13 22:00:00+00:00,1848.52,1848.53,1834.51,1839.13,42132.6869,1850.8649999999998,1850.07
2023-08-13 23:00:00+00:00,1839.14,1841.77,1837.41,1840.73,3482.7037,1849.301666666667,1849.6866666666665
2023-08-14 00:00:00+00:00,1840.73,1843.6,1838.73,1841.15,6515.6073,1847.12,1849.26375
2023-08-14 01:00:00+00:00,1841.16,1842.38,1838.79,1841.26,7548.3454,1844.2316666666668,1848.8454166666668
2023-08-14 02:00:00+00:00,1841.26,1847.72,1835.0,1843.77,16559.1341,1842.426666666667,1848.5591666666667
2023-08-14 03:00:00+00:00,1843.77,1849.01,1843.61,1846.79,8211.7844,1842.1383333333333,1848.4295833333333
2023-08-14 04:00:00+00:00,1846.78,1849.01,1846.78,1847.75,7130.8161,1843.575,1848.3791666666666
2023-08-14 05:00:00+00:00,1847.75,1851.72,1847.74,1850.78,5345.3078,1845.25,1848.4945833333331
2023-08-14 06:00:00+00:00,1850.78,1852.2,1849.0,1849.23,4884.8196,1846.5966666666666,1848.5054166666666
2023-08-14 07:00:00+00:00,1849.23,1850.33,1848.4,1849.81,4241.7173,1848.0216666666665,1848.4974999999997
2023-08-14 08:00:00+00:00,1849.8,1852.25,1849.29,1849.3,6055.1085,1848.9433333333334,1848.4341666666667
2023-08-14 09:00:00+00:00,1849.3,1849.8,1848.44,1848.98,5231.4715,1849.3083333333334,1848.3499999999997
2023-08-14 10:00:00+00:00,1848.98,1849.6,1848.8,1849.6,2971.8191,1849.6166666666668,1848.3170833333334
2023-08-14 11:00:00+00:00,1849.6,1850.0,1846.4,1848.0,5686.1484,1849.153333333333,1848.25875
2023-08-14 12:00:00+00:00,1847.99,1848.0,1844.71,1846.8,4976.003,1848.7483333333332,1848.0920833333332
2023-08-14 13:00:00+00:00,1846.81,1846.9,1844.33,1846.36,4738.0887,1848.1733333333334,1847.955
2023-08-14 14:00:00+00:00,1846.37,1854.65,1846.18,1852.3,9841.0736,1848.6733333333334,1848.0754166666668
2023-08-14 15:00:00+00:00,1852.31,1856.5,1850.0,1853.41,8802.0007,1849.4116666666666,1848.3004166666667
2023-08-14 16:00:00+00:00,1853.4,1855.68,1852.75,1853.4,6152.0707,1850.0449999999998,1848.5254166666666
2023-08-14 17:00:00+00:00,1853.39,1854.0,1846.72,1847.6,5681.0052,1849.9783333333335,1848.4208333333333
2023-08-14 18:00:00+00:00,1847.6,1847.61,1839.83,1843.18,12303.6761,1849.375,1847.96
2023-08-14 19:00:00+00:00,1843.18,1844.2,1841.85,1842.63,4280.42,1848.753333333333,1847.295
2023-08-14 20:00:00+00:00,1842.64,1845.38,1841.31,1845.3,4152.213,1847.5866666666668,1846.9075
2023-08-14 21:00:00+00:00,1845.31,1846.09,1845.04,1845.75,3056.2496,1846.3100000000002,1846.7920833333335
2023-08-14 22:00:00+00:00,1845.75,1846.4,1845.27,1845.76,3528.177,1845.0366666666669,1847.0683333333334
2023-08-14 23:00:00+00:00,1845.76,1845.77,1844.54,1845.5,2303.0632,1844.6866666666667,1847.2670833333334
2023-08-15 00:00:00+00:00,1845.5,1847.21,1845.06,1847.2,3905.9169,1845.3566666666666,1847.5191666666667
2023-08-15 01:00:00+00:00,1847.21,1847.36,1844.61,1846.09,5048.4705,1845.9333333333334,1847.7204166666668
2023-08-15 02:00:00+00:00,1846.09,1846.1,1843.4,1843.77,5838.512,1845.6783333333333,1847.7204166666668
2023-08-15 03:00:00+00:00,1843.77,1844.7,1843.49,1844.69,4114.6779,1845.5016666666668,1847.6329166666667
2023-08-15 04:00:00+00:00,1844.69,1844.91,1843.0,1843.0,4686.0625,1845.0416666666667,1847.4350000000002
2023-08-15 05:00:00+00:00,1843.0,1843.25,1841.47,1842.78,4090.4942,1844.5883333333331,1847.1016666666667
2023-08-15 06:00:00+00:00,1842.78,1843.67,1841.98,1841.98,8684.44,1843.7183333333335,1846.7995833333334
2023-08-15 07:00:00+00:00,1841.98,1843.95,1840.39,1843.71,7777.8384,1843.3216666666667,1846.5454166666668
2023-08-15 08:00:00+00:00,1843.7,1845.16,1842.53,1843.11,5769.1102,1843.2116666666668,1846.2875000000001
2023-08-15 09:00:00+00:00,1843.11,1844.83,1842.54,1843.68,5238.8887,1843.043333333333,1846.0666666666668
2023-08-15 10:00:00+00:00,1843.68,1843.69,1842.59,1842.83,3615.4312,1843.015,1845.784583333333
2023-08-15 11:00:00+00:00,1842.84,1843.02,1839.0,1840.27,9915.9902,1842.5966666666666,1845.4624999999999
2023-08-15 12:00:00+00:00,1840.28,1844.2,1839.82,1842.44,8663.2644,1842.6733333333332,1845.2808333333335
2023-08-15 13:00:00+00:00,1842.43,1844.79,1841.36,1841.37,5604.4236,1842.2833333333335,1845.0729166666667
2023-08-15 14:00:00+00:00,1841.36,1846.0,1838.0,1844.01,6384.8041,1842.4333333333332,1844.7275
2023-08-15 15:00:00+00:00,1844.01,1845.71,1839.25,1840.4,7090.4589,1841.8866666666665,1844.185416666667
2023-08-15 16:00:00+00:00,1840.4,1841.71,1837.45,1837.96,10375.9154,1841.075,1843.5420833333335
2023-08-15 17:00:00+00:00,1837.95,1841.16,1837.83,1841.09,4901.3607,1841.2116666666668,1843.2708333333333
2023-08-15 18:00:00+00:00,1841.09,1842.28,1839.2,1840.09,3800.1853,1840.82,1843.1420833333334
2023-08-15 19:00:00+00:00,1840.1,1840.14,1814.0,1827.67,51750.9246,1838.5366666666666,1842.51875
2023-08-15 20:00:00+00:00,1827.68,1832.0,1825.0,1829.46,6670.1173,1836.1116666666667,1841.85875
2023-08-15 21:00:00+00:00,1829.45,1831.78,1827.73,1829.23,6073.5336,1834.25,1841.1704166666668
2023-08-15 22:00:00+00:00,1829.22,1830.44,1828.0,1828.37,2880.3972,1832.6516666666666,1840.4458333333332
2023-08-15 23:00:00+00:00,1828.37,1830.61,1828.3,1828.98,3200.4811,1830.6333333333332,1839.7575
2023-08-16 00:00:00+00:00,1828.98,1830.44,1827.97,1829.41,3268.191,1828.8533333333332,1839.01625
