1785542400000000,354.73000000,355.01000000,349.53000000,352.20000000,538.91300000,1785628799999999,190280.83939000,2135,227.99700000,80580.82163000,0
1785628800000000,352.32000000,358.72000000,352.17000000,358.38000000,1190.09000000,1785715199999999,422802.33287000,4345,949.71100000,337371.64642000,0
1785715200000000,358.38000000,376.88000000,358.00000000,371.14000000,3652.28900000,1785801599999999,1341862.52367000,17798,1972.59900000,725691.77709000,0
1785801600000000,371.14000000,380.91000000,366.48000000,379.54000000,3920.64800000,1785887999999999,1468583.29519000,26011,1900.14500000,714417.94479000,0
1785888000000000,379.31000000,384.59000000,357.05000000,365.16000000,4565.55300000,1785974399999999,1689900.14943000,22524,2067.74200000,763711.61689000,0
1785974400000000,365.28000000,367.50000000,357.37000000,359.20000000,5518.14500000,1786060799999999,1991682.43399000,21448,2920.76700000,1054771.69813000,0
1786060800000000,359.43000000,360.07000000,354.30000000,355.26000000,9322.57100000,1786147199999999,3332435.47980000,11224,6603.69800000,2361579.74192000,0
1786147200000000,355.26000000,357.90000000,354.85000000,357.90000000,1116.77100000,1786233599999999,397407.50886000,3024,466.44100000,166034.73359000,0
1786233600000000,357.46000000,359.44000000,355.98000000,356.95000000,971.08900000,1786319999999999,347256.39011000,2337,278.00300000,99374.53489000,0
1786320000000000,357.01000000,358.31000000,353.25000000,356.40000000,3823.71300000,1786406399999999,1361214.36010000,7407,2544.36400000,905648.26947000,0
1786406400000000,356.88000000,358.31000000,343.95000000,345.61000000,6437.23500000,1786492799999999,2257909.71816000,22983,3640.73000000,1270574.01345000,0
1786492800000000,345.77000000,347.46000000,341.53000000,343.76000000,10875.17900000,1786579199999999,3748938.97444000,11812,8040.98900000,2771587.15071000,0
1786579200000000,343.91000000,348.35000000,343.28000000,346.87000000,7800.77400000,1786665599999999,2698188.09336000,6651,6473.71700000,2239226.51030000,0
1786665600000000,346.67000000,350.81000000,344.69000000,347.75000000,6333.88200000,1786751999999999,2198506.28955000,9171,4479.47600000,1555983.08109000,0
1786752000000000,347.72000000,348.95000000,346.73000000,348.08000000,658.12900000,1786838399999999,229005.01912000,2614,275.96900000,96069.82291000,0
1786838400000000,347.93000000,349.97000000,347.88000000,348.87000000,555.90000000,1786924799999999,193646.57904000,2059,292.32100000,101778.02186000,0
1786924800000000,348.94000000,349.63000000,342.50000000,344.23000000,7183.84000000,1787011199999999,2483761.94464000,21983,5190.05000000,1793058.68921000,0
1787011200000000,344.23000000,345.03000000,340.39000000,344.25000000,5939.29200000,1787097599999999,2037871.21380000,19680,3615.43600000,1240745.42334000,0
1787097600000000,344.29000000,346.96000000,341.11000000,345.00000000,9342.07300000,1787183999999999,3211947.50674000,26883,6883.62500000,2366599.24729000,0
1787184000000000,345.04000000,346.26000000,339.00000000,341.03000000,9919.86700000,1787270399999999,3399920.25935000,13584,6545.84100000,2241450.39454000,0
1787270400000000,341.04000000,346.31000000,340.74000000,345.06000000,4914.80300000,1787356799999999,1689164.50466000,6483,2835.07000000,975131.22706000,0
1787356800000000,345.06000000,345.15000000,342.56000000,344.50000000,1290.78900000,1787443199999999,443611.07646000,3497,515.79300000,177328.03512000,0
1787443200000000,344.49000000,348.17000000,342.27000000,347.77000000,1056.92400000,1787529599999999,364227.12712000,1848,558.12800000,192513.15052000,0
1787529600000000,347.57000000,351.52000000,342.05000000,347.61000000,6414.61700000,1787615999999999,2224337.31000000,14628,1759.83800000,610511.98637000,0
1787616000000000,347.80000000,350.77000000,345.60000000,346.45000000,4654.21600000,1787702399999999,1617982.60850000,7349,817.53600000,284857.44589000,0
1787702400000000,346.48000000,347.82000000,340.25000000,342.96000000,4762.74000000,1787788799999999,1645990.00149000,10705,1535.63300000,528924.50501000,0
1787788800000000,342.97000000,343.13000000,338.86000000,340.81000000,19101.65700000,1787875199999999,6521219.50111000,20420,3452.42000000,1176374.88952000,0
1787875200000000,340.80000000,348.93000000,340.40000000,345.94000000,11595.66100000,1787961599999999,3970587.41331000,6462,2156.44500000,740077.45989000,0
1787961600000000,346.17000000,346.64000000,345.55000000,345.71000000,505.59600000,1788047999999999,174987.18585000,2091,251.04200000,86880.08713000,0
1788048000000000,345.70000000,347.00000000,343.96000000,344.23000000,376.12400000,1788134399999999,130113.45352000,2000,151.35300000,52368.97477000,0
1788134400000000,344.31000000,345.83000000,337.42000000,339.76000000,4783.91500000,1788220799999999,1632777.48692000,9954,2183.64600000,742800.73065000,0
