1782864000000000,1158.61000000,1162.29000000,1018.81000000,1020.54000000,5728.63000000,1782950399999999,6148234.99432000,25558,3161.85900000,3385723.20605000,0
1782950400000000,1021.13000000,1075.35000000,953.00000000,978.74000000,11059.88300000,1783036799999999,11143704.99460000,121349,5804.11700000,5832841.22410000,0
1783036800000000,978.48000000,1050.58000000,969.63000000,1031.47000000,6131.95900000,1783123199999999,6243004.50521000,135641,2849.14300000,2902137.36029000,0
1783123200000000,1031.55000000,1037.70000000,1025.39000000,1036.68000000,1468.21700000,1783209599999999,1517882.92692000,29194,697.04600000,720836.63105000,0
1783209600000000,1036.50000000,1049.00000000,1025.52000000,1029.13000000,2745.97100000,1783295999999999,2856958.46714000,35147,1462.18500000,1521590.17266000,0
1783296000000000,1028.71000000,1049.72000000,960.32000000,963.37000000,19293.36800000,1783382399999999,19423217.53883000,136733,11256.03500000,11333498.48066000,0
1783382400000000,962.74000000,972.80000000,893.76000000,916.17000000,35189.35000000,1783468799999999,32760959.01911000,178803,21778.88800000,20255667.38087000,0
1783468800000000,916.17000000,963.25000000,877.33000000,958.63000000,20824.25300000,1783555199999999,19149580.52204000,131488,13079.17800000,12003328.17819000,0
1783555200000000,958.91000000,1035.94000000,931.73000000,1003.02000000,9525.31600000,1783641599999999,9447996.09220000,139329,4699.04400000,4662492.92849000,0
1783641600000000,1003.69000000,1004.70000000,955.14000000,982.53000000,10227.42400000,1783727999999999,10019395.66380000,158668,4688.03100000,4592343.53421000,0
1783728000000000,982.53000000,989.35000000,972.80000000,977.43000000,3910.39600000,1783814399999999,3847063.67700000,53551,1449.90600000,1426337.12798000,0
1783814400000000,977.43000000,982.37000000,963.31000000,964.93000000,9351.10900000,1783900799999999,9135260.89354000,98380,3926.13100000,3835330.22054000,0
1783900800000000,964.71000000,987.44000000,903.10000000,920.80000000,49763.12100000,1783987199999999,46731549.55433000,405413,16841.32500000,15709386.21838000,0
1783987200000000,921.13000000,994.95000000,910.27000000,989.86000000,29735.77200000,1784073599999999,28641981.87238000,337522,14510.21300000,13970728.18007000,0
1784073600000000,989.88000000,1006.40000000,876.20000000,896.87000000,50429.45100000,1784159999999999,48371292.18199000,468382,24613.72300000,23605030.93184000,0
1784160000000000,897.36000000,911.60000000,829.49000000,833.96000000,10706.32800000,1784246399999999,9288997.93547000,49346,5391.32300000,4673627.52448000,0
1784246400000000,833.82000000,903.00000000,806.52000000,845.78000000,25987.85200000,1784332799999999,21752269.96681000,103796,15714.43800000,13141691.08849000,0
1784332800000000,844.90000000,848.67000000,837.76000000,840.31000000,909.78300000,1784419199999999,767765.59523000,10431,452.00000000,381489.49624000,0
1784419200000000,840.00000000,868.72000000,839.69000000,862.10000000,1911.25200000,1784505599999999,1633268.36980000,28238,994.75400000,850583.28741000,0
1784505600000000,862.10000000,901.99000000,848.00000000,873.90000000,5559.33600000,1784591999999999,4890193.71807000,44999,3144.83400000,2768737.37031000,0
1784592000000000,873.80000000,987.71000000,868.74000000,987.01000000,9396.12000000,1784678399999999,8690201.25724000,53180,6065.08300000,5578200.49469000,0
1784678400000000,986.14000000,995.00000000,924.89000000,983.93000000,9982.67000000,1784764799999999,9567532.63378000,62266,3547.13500000,3407410.00319000,0
1784764800000000,983.97000000,1011.36000000,957.52000000,987.33000000,7037.80200000,1784851199999999,6935647.03335000,50675,2998.50800000,2958252.36880000,0
1784851200000000,987.68000000,991.16000000,904.80000000,911.42000000,6996.28400000,1784937599999999,6670462.52624000,41898,2286.40300000,2159927.55574000,0
1784937600000000,911.34000000,934.68000000,911.34000000,933.59000000,3966.19700000,1785023999999999,3668276.85131000,36526,2309.73100000,2137116.70850000,0
1785024000000000,933.17000000,953.99000000,931.96000000,953.59000000,1412.21700000,1785110399999999,1331085.22763000,20504,837.76000000,790154.87366000,0
1785110400000000,953.98000000,962.05000000,856.43000000,884.62000000,5725.06800000,1785196799999999,5190492.86689000,76735,2944.91500000,2691892.40478000,0
1785196800000000,885.46000000,892.08000000,772.30000000,832.00000000,19782.15300000,1785283199999999,16237409.49113000,106381,14091.39400000,11555056.47956000,0
1785283200000000,831.80000000,855.68000000,706.39000000,734.99000000,51298.48500000,1785369599999999,39902184.18988000,217577,34078.30700000,26502013.91480000,0
1785369600000000,735.19000000,911.02000000,716.17000000,902.42000000,58299.54700000,1785455999999999,48180534.14380000,215869,20311.19100000,16149219.91934000,0
1785456000000000,902.42000000,931.81000000,813.04000000,813.85000000,34020.87500000,1785542399999999,29978988.56752000,130717,14883.44500000,12957824.18912000,0
